datetime,open,high,low,close,volume
2026-03-26T04:00:00+00:00,1.3483800000000006,1.3486500000000008,1.3465500000000006,1.3468900000000006,29736
2026-03-26T08:00:00+00:00,1.3468900000000006,1.3480400000000008,1.3445100000000008,1.3445200000000006,49280
2026-03-26T12:00:00+00:00,1.3445200000000006,1.3496800000000007,1.3440800000000006,1.3469700000000007,95305
2026-03-26T16:00:00+00:00,1.3469700000000007,1.3471800000000007,1.3431800000000007,1.3432300000000006,61425
2026-03-26T20:00:00+00:00,1.3432300000000006,1.3487100000000007,1.3429100000000007,1.3453500000000005,30339.15871982702
2026-03-27T00:00:00+00:00,1.3453500000000005,1.3465700000000005,1.3441000000000005,1.3459600000000005,34585
2026-03-27T04:00:00+00:00,1.3459600000000005,1.3466100000000005,1.3431100000000005,1.3432500000000005,31969
2026-03-27T08:00:00+00:00,1.3432500000000005,1.3439900000000005,1.3401500000000006,1.3402200000000004,49823
2026-03-27T12:00:00+00:00,1.3402200000000004,1.3451600000000006,1.3391000000000006,1.3410100000000005,81168
2026-03-27T16:00:00+00:00,1.3410100000000005,1.3416900000000005,1.3379100000000006,1.3390900000000006,55039
2026-03-27T20:00:00+00:00,1.3390900000000006,1.3395300000000006,1.32515,1.32515,6599
2026-03-29T20:00:00+00:00,1.32515,1.3264400000000003,1.3234100000000004,1.3238000000000003,20256.213594335684
2026-03-30T00:00:00+00:00,1.3238000000000003,1.3272800000000002,1.3232700000000004,1.3271500000000003,54223
2026-03-30T04:00:00+00:00,1.3271500000000003,1.3282700000000003,1.3241600000000004,1.3245800000000003,33925
2026-03-30T08:00:00+00:00,1.3245800000000003,1.3253700000000004,1.3224000000000002,1.3231200000000003,45692.8983974359
2026-03-30T12:00:00+00:00,1.3231200000000003,1.3237300000000003,1.3173800000000002,1.3189800000000003,76068
2026-03-30T16:00:00+00:00,1.3189800000000003,1.3197200000000002,1.3174200000000003,1.3185300000000002,42900
2026-03-30T20:00:00+00:00,1.3185300000000002,1.3193249999999996,1.3176400000000004,1.3180049999999996,16260.221125330083
2026-03-31T00:00:00+00:00,1.3180049999999996,1.3232049999999997,1.3167049999999998,1.3207549999999997,47984
2026-03-31T04:00:00+00:00,1.3207549999999997,1.3219649999999998,1.3198849999999998,1.3212849999999998,34544
2026-03-31T08:00:00+00:00,1.3212849999999998,1.3242749999999996,1.3199749999999997,1.3242449999999997,49154
2026-03-31T12:00:00+00:00,1.3242449999999997,1.3272049999999997,1.3179849999999997,1.3192149999999998,101406
2026-03-31T16:00:00+00:00,1.3192149999999998,1.3255849999999998,1.3183049999999998,1.3243249999999998,106529
2026-03-31T20:00:00+00:00,1.3243249999999998,1.325515,1.3225149999999997,1.325395,20795.797721856856
2026-04-01T00:00:00+00:00,1.325395,1.326535,1.323055,1.324445,34457
2026-04-01T04:00:00+00:00,1.324445,1.330375,1.324335,1.327625,55068
2026-04-01T08:00:00+00:00,1.327625,1.333595,1.3272350000000002,1.333235,58206
2026-04-01T12:00:00+00:00,1.333235,1.334865,1.3303850000000002,1.334035,105968
2026-04-01T16:00:00+00:00,1.334035,1.335715,1.330355,1.331075,47244
2026-04-01T20:00:00+00:00,1.331075,1.3320850000000002,1.3299850000000002,1.3313050000000002,16455.708823455567
2026-04-02T00:00:00+00:00,1.3313050000000002,1.3331050000000002,1.3241950000000002,1.324615,82756
2026-04-02T04:00:00+00:00,1.324615,1.3250350000000002,1.321185,1.322745,47576
2026-04-02T08:00:00+00:00,1.322745,1.3229950000000001,1.3192450000000002,1.3212450000000002,40401
2026-04-02T12:00:00+00:00,1.3212450000000002,1.3262150000000001,1.321115,1.324955,110373.55771190819
2026-04-02T16:00:00+00:00,1.324955,1.3253750000000002,1.323225,1.3234150000000002,46503
2026-04-02T20:00:00+00:00,1.3234150000000002,1.3241850000000004,1.3221650000000005,1.3238750000000004,8646.435952787411
2026-04-03T00:00:00+00:00,1.3238750000000004,1.3246950000000004,1.3231050000000004,1.3238550000000004,9910
2026-04-03T04:00:00+00:00,1.3238550000000004,1.3252050000000004,1.3231350000000004,1.3248250000000004,9603
2026-04-03T08:00:00+00:00,1.3248250000000004,1.3250150000000005,1.3239350000000003,1.3245150000000003,10711
2026-04-03T12:00:00+00:00,1.3245150000000003,1.3247050000000005,1.3203950000000004,1.3210650000000006,29292.356527942924
2026-04-03T16:00:00+00:00,1.3210650000000006,1.3212250000000005,1.3197150000000006,1.3199750000000006,11222
2026-04-03T20:00:00+00:00,1.3199750000000006,1.3212950000000006,1.3188450000000005,1.3198650000000005,6647.660435518705
2026-04-05T20:00:00+00:00,1.31835,1.31935,1.3176,1.31857,15093.948935415172
2026-04-06T00:00:00+00:00,1.31857,1.3218100000000002,1.31853,1.32066,39952
2026-04-06T04:00:00+00:00,1.32066,1.32585,1.32066,1.32532,34260
2026-04-06T08:00:00+00:00,1.32532,1.32593,1.32327,1.3236700000000001,40933
2026-04-06T12:00:00+00:00,1.3236700000000001,1.32687,1.3224,1.32336,63105
2026-04-06T16:00:00+00:00,1.32336,1.3244500000000001,1.3217700000000001,1.32342,36070
2026-04-06T20:00:00+00:00,1.32342,1.3241999999999998,1.32286,1.32335,11332.75722700216
2026-04-07T00:00:00+00:00,1.32335,1.32389,1.32113,1.3225,31975
2026-04-07T04:00:00+00:00,1.3225,1.3248199999999999,1.3218699999999999,1.32335,35885
2026-04-07T08:00:00+00:00,1.32335,1.3285099999999999,1.3232599999999999,1.32459,75283
2026-04-07T12:00:00+00:00,1.32459,1.3267099999999998,1.32357,1.32394,83365
2026-04-07T16:00:00+00:00,1.32394,1.32935,1.3239299999999998,1.32874,67543
2026-04-07T20:00:00+00:00,1.32874,1.3413600000000003,1.3285399999999998,1.3405600000000004,76893.2629395937
2026-04-08T00:00:00+00:00,1.3405600000000004,1.3420700000000003,1.3383900000000004,1.3403400000000003,78161
2026-04-08T04:00:00+00:00,1.3403400000000003,1.3450500000000003,1.3403400000000003,1.3429200000000003,73756
2026-04-08T08:00:00+00:00,1.3429200000000003,1.3475000000000004,1.3411300000000004,1.3470900000000003,60955
2026-04-08T12:00:00+00:00,1.3470900000000003,1.3489500000000003,1.3433200000000003,1.3443600000000002,110283
2026-04-08T16:00:00+00:00,1.3443600000000002,1.3443600000000002,1.3385600000000004,1.3411800000000003,58342
2026-04-08T20:00:00+00:00,1.3411800000000003,1.3413800000000002,1.3389500000000003,1.33978,14809.40324084038
2026-04-09T00:00:00+00:00,1.33978,1.34071,1.33861,1.34003,30773
2026-04-09T04:00:00+00:00,1.34003,1.34112,1.33859,1.33982,35437
2026-04-09T08:00:00+00:00,1.33982,1.34353,1.33889,1.3434,38987
2026-04-09T12:00:00+00:00,1.3434,1.34498,1.34087,1.34472,73502
2026-04-09T16:00:00+00:00,1.34472,1.34636,1.34348,1.34407,48249
2026-04-09T20:00:00+00:00,1.34407,1.3446200000000001,1.34339,1.34388,16804.071829093
2026-04-10T00:00:00+00:00,1.34388,1.34415,1.3429600000000002,1.3434300000000001,21827
2026-04-10T04:00:00+00:00,1.3434300000000001,1.3438100000000002,1.34203,1.34219,24087
2026-04-10T08:00:00+00:00,1.34219,1.34552,1.34209,1.3454000000000002,37318
2026-04-10T12:00:00+00:00,1.3454000000000002,1.3488600000000002,1.34532,1.34676,67072
2026-04-10T16:00:00+00:00,1.34676,1.34817,1.34575,1.34778,35103
2026-04-10T20:00:00+00:00,1.34778,1.34795,1.34589,1.34643,3614
2026-04-12T20:00:00+00:00,1.34643,1.3489399999999998,1.3460299999999998,1.3473799999999998,13582.175897767667
2026-04-13T00:00:00+00:00,1.3473799999999998,1.3488999999999998,1.3465699999999998,1.3483999999999998,33959
2026-04-13T04:00:00+00:00,1.3483999999999998,1.35136,1.34814,1.3511499999999999,33911
2026-04-13T08:00:00+00:00,1.3511499999999999,1.3522699999999999,1.3498199999999998,1.3498599999999998,36697
2026-04-13T12:00:00+00:00,1.3498599999999998,1.3545699999999998,1.3495599999999999,1.3537599999999999,71262
2026-04-13T16:00:00+00:00,1.3537599999999999,1.3588199999999997,1.3531799999999998,1.3584699999999998,50758
2026-04-13T20:00:00+00:00,1.3584699999999998,1.3596099999999998,1.3575099999999998,1.3595299999999997,10302.617487794052
2026-04-14T00:00:00+00:00,1.3595299999999997,1.3596999999999997,1.3583199999999997,1.3596299999999997,21088
2026-04-14T04:00:00+00:00,1.3596299999999997,1.3619299999999996,1.3590299999999997,1.3611699999999998,34830
2026-04-14T08:00:00+00:00,1.3611699999999998,1.3658499999999998,1.3606499999999997,1.3651599999999997,42867
2026-04-14T12:00:00+00:00,1.3651599999999997,1.3669299999999998,1.3641099999999997,1.3641299999999996,63889
2026-04-14T16:00:00+00:00,1.3641299999999996,1.3652799999999996,1.3638099999999997,1.3642699999999996,31421
2026-04-14T20:00:00+00:00,1.3642699999999996,1.3659199999999998,1.3634999999999997,1.3654399999999998,14534.433094174903
2026-04-15T00:00:00+00:00,1.3654399999999998,1.3657299999999997,1.3636899999999996,1.3645199999999997,27251
2026-04-15T04:00:00+00:00,1.3645199999999997,1.3658499999999998,1.3635299999999997,1.3639899999999998,33625
2026-04-15T08:00:00+00:00,1.3639899999999998,1.3649799999999996,1.3623299999999998,1.3634199999999996,47972
2026-04-15T12:00:00+00:00,1.3634199999999996,1.3658499999999998,1.3625299999999998,1.3647099999999996,63948
2026-04-15T16:00:00+00:00,1.3647099999999996,1.3656399999999997,1.3644299999999998,1.3650199999999997,35705
2026-04-15T20:00:00+00:00,1.3650199999999997,1.3654699999999997,1.3631699999999998,1.3653799999999998,9569.895812591354
2026-04-16T00:00:00+00:00,1.3653799999999998,1.3675899999999999,1.36421,1.36624,25972
2026-04-16T04:00:00+00:00,1.36624,1.3663399999999999,1.3638199999999998,1.3639599999999998,32158
2026-04-16T08:00:00+00:00,1.3639599999999998,1.3642599999999998,1.3612699999999998,1.3627599999999997,37140
2026-04-16T12:00:00+00:00,1.3627599999999997,1.3636,1.3597399999999997,1.3618899999999998,61675
2026-04-16T16:00:00+00:00,1.3618899999999998,1.36258,1.3601899999999998,1.36106,39742
2026-04-16T20:00:00+00:00,1.36106,1.36181,1.3597899999999998,1.36073,10919.980400494122
2026-04-17T00:00:00+00:00,1.36073,1.36089,1.35958,1.36068,20937
2026-04-17T04:00:00+00:00,1.36068,1.36076,1.3586,1.36065,28197
2026-04-17T08:00:00+00:00,1.36065,1.36211,1.35982,1.3610799999999998,30340
2026-04-17T12:00:00+00:00,1.3610799999999998,1.36811,1.36102,1.3635899999999999,125108
2026-04-17T16:00:00+00:00,1.3635899999999999,1.36411,1.35981,1.36007,46152
2026-04-17T20:00:00+00:00,1.36007,1.3603999999999998,1.3591799999999998,1.3592199999999999,5954
2026-04-19T20:00:00+00:00,1.3592199999999999,1.3604999999999998,1.3586899999999997,1.3595299999999997,14459.22835490189
2026-04-20T00:00:00+00:00,1.3595299999999997,1.3621499999999997,1.3590999999999998,1.3618799999999998,33532
2026-04-20T04:00:00+00:00,1.3618799999999998,1.3631699999999998,1.3594699999999997,1.3615599999999999,47370
2026-04-20T08:00:00+00:00,1.3615599999999999,1.3640999999999999,1.3605799999999997,1.3632199999999999,46960
2026-04-20T12:00:00+00:00,1.3632199999999999,1.3657299999999999,1.3618499999999998,1.3652999999999997,76431
2026-04-20T16:00:00+00:00,1.3652999999999997,1.3657199999999998,1.3644099999999997,1.3645199999999997,35222
2026-04-20T20:00:00+00:00,1.3645199999999997,1.3652999999999995,1.3635599999999997,1.3644699999999996,10624.520418114951
2026-04-21T00:00:00+00:00,1.3644699999999996,1.3645799999999997,1.3629399999999996,1.3631599999999997,22964
2026-04-21T04:00:00+00:00,1.3631599999999997,1.3644899999999995,1.3620599999999996,1.3621399999999997,32776
2026-04-21T08:00:00+00:00,1.3621399999999997,1.3637599999999996,1.3596299999999997,1.3632699999999995,46314
2026-04-21T12:00:00+00:00,1.3632699999999995,1.3653599999999997,1.3612999999999997,1.3624499999999997,66578
2026-04-21T16:00:00+00:00,1.3624499999999997,1.3639699999999997,1.3588399999999996,1.3595799999999996,73742
2026-04-21T20:00:00+00:00,1.3595799999999996,1.3627999999999996,1.3591199999999997,1.3625899999999993,25540.031878668415
2026-04-22T00:00:00+00:00,1.3625899999999993,1.3637199999999994,1.3620099999999993,1.3623899999999993,26319
2026-04-22T04:00:00+00:00,1.3623899999999993,1.3651199999999994,1.3622699999999994,1.3643399999999994,34970
2026-04-22T08:00:00+00:00,1.3643399999999994,1.3652299999999993,1.3616299999999995,1.3619799999999993,36222
2026-04-22T12:00:00+00:00,1.3619799999999993,1.3641299999999994,1.3608999999999993,1.3620599999999994,63735
2026-04-22T16:00:00+00:00,1.3620599999999994,1.3633599999999995,1.3612399999999993,1.3620599999999994,31630
2026-04-22T20:00:00+00:00,1.3620599999999994,1.3623199999999993,1.3610099999999994,1.3616099999999993,10402.422393983707
2026-04-23T00:00:00+00:00,1.3616099999999993,1.3627199999999995,1.3595599999999994,1.3601999999999994,50410
2026-04-23T04:00:00+00:00,1.3601999999999994,1.3616399999999993,1.3598099999999993,1.3605899999999993,31375
2026-04-23T08:00:00+00:00,1.3605899999999993,1.3629899999999995,1.3599999999999994,1.3622399999999995,47479
2026-04-23T12:00:00+00:00,1.3622399999999995,1.3634899999999994,1.3594799999999994,1.3609899999999995,64916
2026-04-23T16:00:00+00:00,1.3609899999999995,1.3610299999999993,1.3564299999999994,1.3584199999999993,78008
2026-04-23T20:00:00+00:00,1.3584199999999993,1.3585799999999988,1.3574299999999992,1.358299999999999,10925.80255971251
2026-04-24T00:00:00+00:00,1.358299999999999,1.359069999999999,1.357079999999999,1.3577399999999988,26147
2026-04-24T04:00:00+00:00,1.3577399999999988,1.359719999999999,1.357519999999999,1.3593899999999988,26762
2026-04-24T08:00:00+00:00,1.3593899999999988,1.3622199999999989,1.3588499999999988,1.3612599999999988,50422
2026-04-24T12:00:00+00:00,1.3612599999999988,1.363719999999999,1.360199999999999,1.3632899999999988,72034
2026-04-24T16:00:00+00:00,1.3632899999999988,1.365149999999999,1.3626099999999988,1.3650199999999988,33115
2026-04-24T20:00:00+00:00,1.3650199999999988,1.3654599999999988,1.3639499999999989,1.3639799999999989,4322
2026-04-26T20:00:00+00:00,1.3639799999999989,1.3660499999999984,1.3637899999999987,1.3651899999999986,15733.635568449708
2026-04-27T00:00:00+00:00,1.3651899999999986,1.3687299999999984,1.3650499999999985,1.3682899999999985,74012
2026-04-27T04:00:00+00:00,1.3682899999999985,1.3685499999999984,1.3663099999999986,1.3683599999999985,70386
2026-04-27T08:00:00+00:00,1.3683599999999985,1.3701899999999985,1.3680699999999986,1.3696799999999985,60303
2026-04-27T12:00:00+00:00,1.3696799999999985,1.3714899999999985,1.3675699999999984,1.3690099999999985,72701
2026-04-27T16:00:00+00:00,1.3690099999999985,1.3694099999999985,1.3669199999999986,1.3670499999999985,41557
2026-04-27T20:00:00+00:00,1.3670499999999985,1.3676399999999984,1.3666399999999985,1.3676399999999984,26122.298387531682
2026-04-28T00:00:00+00:00,1.3676399999999984,1.3679999999999986,1.3659499999999984,1.3670399999999985,88866
2026-04-28T04:00:00+00:00,1.3670399999999985,1.3672899999999986,1.3640899999999985,1.3647999999999985,88876
2026-04-28T08:00:00+00:00,1.3647999999999985,1.3653799999999985,1.3601799999999984,1.3606999999999985,84596
2026-04-28T12:00:00+00:00,1.3606999999999985,1.3651099999999985,1.3602099999999986,1.3650099999999985,81652
2026-04-28T16:00:00+00:00,1.3650099999999985,1.3659799999999984,1.3645499999999984,1.3655299999999986,39974
2026-04-28T20:00:00+00:00,1.3655299999999986,1.3662599999999985,1.3643799999999986,1.3662199999999987,14242.787819787187
2026-04-29T00:00:00+00:00,1.3662199999999987,1.3666299999999987,1.3648599999999986,1.3650099999999985,46490
2026-04-29T04:00:00+00:00,1.3650099999999985,1.3653699999999986,1.3633299999999986,1.3643599999999987,41067
2026-04-29T08:00:00+00:00,1.3643599999999987,1.3651199999999986,1.3633299999999986,1.3643499999999986,49863
2026-04-29T12:00:00+00:00,1.3643499999999986,1.3652199999999985,1.3609699999999987,1.3627599999999986,77844
2026-04-29T16:00:00+00:00,1.3627599999999986,1.3637399999999986,1.3595799999999987,1.3614799999999985,60732
2026-04-29T20:00:00+00:00,1.3614799999999985,1.3630499999999983,1.3604699999999983,1.3629599999999982,19242.151380979703
2026-04-30T00:00:00+00:00,1.3629599999999982,1.3636699999999982,1.3609599999999982,1.3617099999999982,42108
2026-04-30T04:00:00+00:00,1.3617099999999982,1.3633999999999982,1.3595399999999982,1.3627799999999983,52975
2026-04-30T08:00:00+00:00,1.3627799999999983,1.3676799999999982,1.3620299999999983,1.3658599999999983,104439
2026-04-30T12:00:00+00:00,1.3658599999999983,1.3735099999999982,1.3639899999999983,1.3719699999999984,114228
2026-04-30T16:00:00+00:00,1.3719699999999984,1.3753399999999982,1.3714399999999982,1.3745399999999983,46601
2026-04-30T20:00:00+00:00,1.3745399999999983,1.3750699999999982,1.3737299999999983,1.3740299999999988,11608.764751163151
2026-05-01T00:00:00+00:00,1.3740299999999988,1.3750299999999986,1.3737399999999986,1.3740399999999986,29122
2026-05-01T04:00:00+00:00,1.3740399999999986,1.3760999999999988,1.3725099999999986,1.3742999999999987,40297
2026-05-01T08:00:00+00:00,1.3742999999999987,1.3761099999999986,1.3729799999999988,1.3758299999999988,29028
2026-05-01T12:00:00+00:00,1.3758299999999988,1.3796099999999987,1.3752299999999986,1.3757299999999986,72457
2026-05-01T16:00:00+00:00,1.3757299999999986,1.3761599999999987,1.3711299999999986,1.3711599999999986,36593
2026-05-01T20:00:00+00:00,1.3711599999999986,1.3713299999999986,1.3701499999999986,1.3704699999999987,4988
2026-05-03T20:00:00+00:00,1.3704699999999987,1.3714399999999982,1.3691199999999981,1.369249999999998,7002.358313116712
2026-05-04T00:00:00+00:00,1.369249999999998,1.3712699999999982,1.368609999999998,1.3708999999999982,40429
2026-05-04T04:00:00+00:00,1.3708999999999982,1.3710299999999982,1.3674299999999981,1.3677399999999982,38709
2026-05-04T08:00:00+00:00,1.3677399999999982,1.367859999999998,1.3634699999999982,1.365249999999998,59381
2026-05-04T12:00:00+00:00,1.365249999999998,1.368059999999998,1.3636299999999981,1.3644099999999981,80851
2026-05-04T16:00:00+00:00,1.3644099999999981,1.3653599999999981,1.362369999999998,1.364839999999998,56098
2026-05-04T20:00:00+00:00,1.364839999999998,1.3648499999999981,1.362049999999998,1.363539999999998,11200.330377106846
2026-05-05T00:00:00+00:00,1.363539999999998,1.3638999999999981,1.362189999999998,1.362539999999998,20305
2026-05-05T04:00:00+00:00,1.362539999999998,1.3651999999999982,1.361779999999998,1.364219999999998,35875
2026-05-05T08:00:00+00:00,1.364219999999998,1.365549999999998,1.363509999999998,1.3645099999999981,42159
2026-05-05T12:00:00+00:00,1.3645099999999981,1.368259999999998,1.363609999999998,1.3677999999999981,65140
2026-05-05T16:00:00+00:00,1.3677999999999981,1.3680399999999981,1.3644799999999981,1.364709999999998,28193
2026-05-05T20:00:00+00:00,1.364709999999998,1.368429999999998,1.363509999999998,1.367209999999998,18029.335306654142
2026-05-06T00:00:00+00:00,1.367209999999998,1.3684199999999982,1.366769999999998,1.3668899999999982,32878
2026-05-06T04:00:00+00:00,1.3668899999999982,1.3703399999999981,1.366729999999998,1.370269999999998,58931
2026-05-06T08:00:00+00:00,1.370269999999998,1.3747499999999981,1.369609999999998,1.3727499999999981,76231
2026-05-06T12:00:00+00:00,1.3727499999999981,1.3728199999999982,1.3698099999999982,1.369929999999998,76637
2026-05-06T16:00:00+00:00,1.369929999999998,1.370369999999998,1.3682399999999981,1.369749999999998,36597
2026-05-06T20:00:00+00:00,1.369749999999998,1.369979999999998,1.3685199999999982,1.3693599999999984,9291.783347407585
2026-05-07T00:00:00+00:00,1.3693599999999984,1.3710799999999983,1.3692099999999983,1.3695499999999983,32474
2026-05-07T04:00:00+00:00,1.3695499999999983,1.3726899999999984,1.3693499999999983,1.3723299999999983,38944
2026-05-07T08:00:00+00:00,1.3723299999999983,1.3732899999999983,1.3711899999999984,1.3720299999999983,40143
2026-05-07T12:00:00+00:00,1.3720299999999983,1.3734899999999983,1.3709499999999983,1.3710399999999983,64786
2026-05-07T16:00:00+00:00,1.3710399999999983,1.3712399999999982,1.3664299999999983,1.3664799999999984,63818
2026-05-07T20:00:00+00:00,1.3664799999999984,1.3678099999999984,1.3647399999999983,1.3659499999999984,17869.257520661267
2026-05-08T00:00:00+00:00,1.3659499999999984,1.3665099999999983,1.3652999999999984,1.3658599999999983,30576
2026-05-08T04:00:00+00:00,1.3658599999999983,1.3694599999999983,1.3653499999999983,1.3685999999999985,31788
2026-05-08T08:00:00+00:00,1.3685999999999985,1.3726999999999985,1.3682999999999983,1.3717099999999984,34169
2026-05-08T12:00:00+00:00,1.3717099999999984,1.3735199999999983,1.3699499999999984,1.3727799999999983,62789
2026-05-08T16:00:00+00:00,1.3727799999999983,1.3734999999999984,1.3720099999999984,1.3732399999999985,29075
2026-05-08T20:00:00+00:00,1.3732399999999985,1.3740599999999983,1.3723999999999983,1.3731799999999983,4282
2026-05-10T20:00:00+00:00,1.3731799999999983,1.3785899999999982,1.3731799999999983,1.3782999999999983,9230.89873277012
2026-05-11T00:00:00+00:00,1.3782999999999983,1.3789799999999983,1.3777199999999983,1.3777999999999981,32493
2026-05-11T04:00:00+00:00,1.3777999999999981,1.3792399999999982,1.3767999999999982,1.3788799999999983,29228
2026-05-11T08:00:00+00:00,1.3788799999999983,1.3803399999999981,1.3774599999999981,1.3795799999999983,40470
2026-05-11T12:00:00+00:00,1.3795799999999983,1.3842199999999982,1.3788499999999981,1.3838399999999982,55116
2026-05-11T16:00:00+00:00,1.3838399999999982,1.3838599999999983,1.3805399999999983,1.3806699999999983,32181
2026-05-11T20:00:00+00:00,1.3806699999999983,1.3808699999999983,1.3790999999999982,1.3792899999999981,9297.001227263503
2026-05-12T00:00:00+00:00,1.3792899999999981,1.3793499999999983,1.3768699999999983,1.3771799999999983,27763
2026-05-12T04:00:00+00:00,1.3771799999999983,1.3775499999999983,1.3703099999999981,1.3706999999999983,41626
2026-05-12T08:00:00+00:00,1.3706999999999983,1.3741899999999982,1.3690999999999982,1.3721099999999982,58328
2026-05-12T12:00:00+00:00,1.3721099999999982,1.3731899999999981,1.3688799999999983,1.3715399999999982,78070
2026-05-12T16:00:00+00:00,1.3715399999999982,1.3732999999999982,1.3703799999999982,1.3728499999999981,37807
2026-05-12T20:00:00+00:00,1.3728499999999981,1.3731199999999983,1.3715499999999983,1.3723999999999983,8530.957900769881
2026-05-13T00:00:00+00:00,1.3723999999999983,1.3735199999999983,1.3717099999999982,1.3726799999999983,29716
2026-05-13T04:00:00+00:00,1.3726799999999983,1.3740099999999982,1.3708799999999983,1.3709499999999983,32835
2026-05-13T08:00:00+00:00,1.3709499999999983,1.3722399999999983,1.3682799999999984,1.3692599999999984,48291
2026-05-13T12:00:00+00:00,1.3692599999999984,1.3718099999999982,1.3673399999999982,1.3707999999999982,55702
2026-05-13T16:00:00+00:00,1.3707999999999982,1.3716599999999983,1.3699799999999982,1.3711299999999984,33076.35025155371
2026-05-13T20:00:00+00:00,1.3711299999999984,1.3719499999999987,1.3703999999999985,1.3714499999999985,10094.590531214339
2026-05-14T00:00:00+00:00,1.3714499999999985,1.3720199999999985,1.3708399999999985,1.3714499999999985,23049
2026-05-14T04:00:00+00:00,1.3714499999999985,1.3720299999999983,1.3692399999999985,1.3693699999999984,32747
2026-05-14T08:00:00+00:00,1.3693699999999984,1.3708399999999985,1.3683399999999983,1.3687599999999984,33936
2026-05-14T12:00:00+00:00,1.3687599999999984,1.3705899999999984,1.3660699999999983,1.3665599999999984,55758
2026-05-14T16:00:00+00:00,1.3665599999999984,1.3666599999999984,1.3582699999999983,1.3587499999999983,44402
2026-05-14T20:00:00+00:00,1.3587499999999983,1.3591399999999985,1.3572499999999983,1.3578399999999984,11491.504217177728
2026-05-15T00:00:00+00:00,1.3578399999999984,1.3580099999999984,1.3551499999999983,1.3563799999999984,35874
2026-05-15T04:00:00+00:00,1.3563799999999984,1.3563799999999984,1.3522699999999983,1.3552099999999985,50748
2026-05-15T08:00:00+00:00,1.3552099999999985,1.3580999999999983,1.3515599999999983,1.3547399999999983,57221
2026-05-15T12:00:00+00:00,1.3547399999999983,1.3550999999999984,1.3503899999999984,1.3518199999999985,79692
2026-05-15T16:00:00+00:00,1.3518199999999985,1.3526199999999984,1.3503699999999983,1.3506299999999984,41843
2026-05-15T20:00:00+00:00,1.3506299999999984,1.3510399999999985,1.33188,1.33188,3953
2026-05-17T20:00:00+00:00,1.33188,1.3325399999999998,1.3310199999999999,1.3312199999999998,9700.016575168245
2026-05-18T00:00:00+00:00,1.3312199999999998,1.3321299999999998,1.3304899999999997,1.3315699999999997,45755.599320926194
2026-05-18T04:00:00+00:00,1.3315699999999997,1.3361099999999997,1.3314899999999998,1.3355199999999998,45145
2026-05-18T08:00:00+00:00,1.3355199999999998,1.3386999999999998,1.3349199999999997,1.3378999999999999,50182
2026-05-18T12:00:00+00:00,1.3378999999999999,1.3430099999999998,1.3377799999999997,1.3420899999999998,80269
2026-05-18T16:00:00+00:00,1.3420899999999998,1.3452099999999998,1.3403099999999997,1.3432699999999997,59434
2026-05-18T20:00:00+00:00,1.3432699999999997,1.3441799999999997,1.3422799999999997,1.3434199999999998,15321
2026-05-19T00:00:00+00:00,1.3434199999999998,1.3437099999999997,1.3411599999999997,1.3416199999999996,36157
2026-05-19T04:00:00+00:00,1.3416199999999996,1.3419999999999999,1.3392799999999998,1.34048,41732
2026-05-19T08:00:00+00:00,1.34048,1.34185,1.33899,1.34056,47418
2026-05-19T12:00:00+00:00,1.34056,1.34222,1.33811,1.3401399999999999,76579
2026-05-19T16:00:00+00:00,1.3401399999999999,1.3414899999999998,1.33907,1.34029,40396
2026-05-19T20:00:00+00:00,1.34029,1.34068,1.3390499999999999,1.33983,13878.39255637108
2026-05-20T00:00:00+00:00,1.33983,1.3405799999999999,1.33808,1.34021,47737
2026-05-20T04:00:00+00:00,1.34021,1.34092,1.33787,1.33884,47845
2026-05-20T08:00:00+00:00,1.33884,1.34107,1.33777,1.34023,39520
2026-05-20T12:00:00+00:00,1.34023,1.34657,1.3385799999999999,1.34437,99000
2026-05-20T16:00:00+00:00,1.34437,1.34567,1.34342,1.34402,52861
2026-05-20T20:00:00+00:00,1.34402,1.34438,1.34326,1.34396,11971.077608670927
2026-05-21T00:00:00+00:00,1.34396,1.34506,1.34243,1.34324,29859
2026-05-21T04:00:00+00:00,1.34324,1.34452,1.3420699999999999,1.3434599999999999,44946
2026-05-21T08:00:00+00:00,1.3434599999999999,1.34602,1.34204,1.34271,61665
2026-05-21T12:00:00+00:00,1.34271,1.34352,1.33958,1.34106,75998
2026-05-21T16:00:00+00:00,1.34106,1.3454599999999999,1.34062,1.34412,73618
2026-05-21T20:00:00+00:00,1.34412,1.34459,1.34216,1.34376,13769.93701781261
2026-05-22T00:00:00+00:00,1.34376,1.3437999999999999,1.3428499999999999,1.34316,28634
2026-05-22T04:00:00+00:00,1.34316,1.34377,1.34186,1.34303,30698
2026-05-22T08:00:00+00:00,1.34303,1.34437,1.3422,1.34264,37939
2026-05-22T12:00:00+00:00,1.34264,1.3468499999999999,1.34221,1.34422,65784
2026-05-22T16:00:00+00:00,1.34422,1.34589,1.3438999999999999,1.34456,35730
2026-05-22T20:00:00+00:00,1.34456,1.34476,1.34249,1.34249,3548
2026-05-24T20:00:00+00:00,1.34249,1.34557,1.3412899999999999,1.34489,8787.227441491093
2026-05-25T00:00:00+00:00,1.34489,1.34582,1.3441699999999999,1.3442699999999999,30111
2026-05-25T04:00:00+00:00,1.3442699999999999,1.34564,1.34382,1.3452199999999999,28284
2026-05-25T08:00:00+00:00,1.3452199999999999,1.34737,1.3446099999999999,1.3466,21687
2026-05-25T12:00:00+00:00,1.3466,1.34744,1.3460299999999998,1.34696,30725
2026-05-25T16:00:00+00:00,1.34696,1.34768,1.34665,1.34755,10338
2026-05-25T20:00:00+00:00,1.34755,1.3476199999999998,1.34543,1.34618,8814.791361522923
2026-05-26T00:00:00+00:00,1.34618,1.34629,1.3448399999999998,1.34544,24536
2026-05-26T04:00:00+00:00,1.34544,1.34547,1.34306,1.34408,33880
2026-05-26T08:00:00+00:00,1.34408,1.34554,1.3434199999999998,1.34351,39925
2026-05-26T12:00:00+00:00,1.34351,1.34408,1.34006,1.3401699999999999,61239
2026-05-26T16:00:00+00:00,1.3401699999999999,1.3416,1.34006,1.34147,30161
2026-05-26T20:00:00+00:00,1.34147,1.3425299999999998,1.34033,1.3420899999999998,9257.823052104344
2026-05-27T00:00:00+00:00,1.3420899999999998,1.3424999999999998,1.3412399999999998,1.3420999999999998,24764
2026-05-27T04:00:00+00:00,1.3420999999999998,1.3423299999999998,1.3408299999999997,1.3409499999999999,27010
2026-05-27T08:00:00+00:00,1.3409499999999999,1.34187,1.3396799999999998,1.3401299999999998,32204
2026-05-27T12:00:00+00:00,1.3401299999999998,1.3424399999999999,1.3382799999999997,1.3395699999999997,88954
2026-05-27T16:00:00+00:00,1.3395699999999997,1.3399699999999999,1.3383599999999998,1.33974,37793.407288462186
2026-05-27T20:00:00+00:00,1.33974,1.3399299999999998,1.3375899999999998,1.3377499999999998,9815.79350115693
2026-05-28T00:00:00+00:00,1.3377499999999998,1.3381699999999999,1.3330099999999998,1.3330199999999999,33455
2026-05-28T04:00:00+00:00,1.3330199999999999,1.3373399999999998,1.3329099999999998,1.3364299999999998,48933
2026-05-28T08:00:00+00:00,1.3364299999999998,1.3372199999999999,1.33482,1.3368399999999998,48588
2026-05-28T12:00:00+00:00,1.3368399999999998,1.34126,1.3364999999999998,1.33974,85214
2026-05-28T16:00:00+00:00,1.33974,1.3410399999999998,1.3394,1.3401199999999998,49235
2026-05-28T20:00:00+00:00,1.3401199999999998,1.34082,1.3398299999999999,1.3406399999999998,9140.344114220436
2026-05-29T00:00:00+00:00,1.3406399999999998,1.3413099999999998,1.3392699999999997,1.3394799999999998,28062
2026-05-29T04:00:00+00:00,1.3394799999999998,1.3406999999999998,1.3379999999999999,1.33882,32923
2026-05-29T08:00:00+00:00,1.33882,1.3392099999999998,1.3370799999999998,1.33913,48065
2026-05-29T12:00:00+00:00,1.33913,1.34479,1.3382999999999998,1.3437099999999997,87173
2026-05-29T16:00:00+00:00,1.3437099999999997,1.3438299999999999,1.3417299999999999,1.3430099999999998,43079
2026-05-29T20:00:00+00:00,1.3430099999999998,1.3430699999999998,1.3407499999999999,1.34099,7488
2026-05-31T20:00:00+00:00,1.34099,1.3419099999999995,1.3406199999999995,1.3410799999999996,19161.781595536042
2026-06-01T00:00:00+00:00,1.3410799999999996,1.3420099999999995,1.3405999999999996,1.3410499999999996,30032
2026-06-01T04:00:00+00:00,1.3410499999999996,1.3436799999999995,1.3410099999999996,1.3421199999999995,33695
2026-06-01T08:00:00+00:00,1.3421199999999995,1.3435799999999996,1.3416199999999996,1.3426299999999995,44414
2026-06-01T12:00:00+00:00,1.3426299999999995,1.3429399999999996,1.3367299999999995,1.3409999999999995,91747
2026-06-01T16:00:00+00:00,1.3409999999999995,1.3430699999999995,1.3401299999999996,1.3419599999999996,48685
2026-06-01T20:00:00+00:00,1.3419599999999996,1.3423199999999997,1.3407499999999994,1.3422199999999995,14974.502018119556
2026-06-02T00:00:00+00:00,1.3422199999999995,1.3424499999999997,1.3413199999999996,1.3420699999999997,24738
2026-06-02T04:00:00+00:00,1.3420699999999997,1.3444099999999997,1.3419599999999996,1.3434399999999995,38878
2026-06-02T08:00:00+00:00,1.3434399999999995,1.3439499999999995,1.3423099999999997,1.3436399999999997,40290
2026-06-02T12:00:00+00:00,1.3436399999999997,1.3442999999999996,1.3424799999999997,1.3441599999999996,56375
2026-06-02T16:00:00+00:00,1.3441599999999996,1.3442499999999997,1.3415699999999997,1.3430999999999995,35144
2026-06-02T20:00:00+00:00,1.3430999999999995,1.3434099999999995,1.3412999999999997,1.3415299999999997,12131.572941105696
2026-06-03T00:00:00+00:00,1.3415299999999997,1.3434199999999996,1.3414099999999995,1.3425599999999995,22081
2026-06-03T04:00:00+00:00,1.3425599999999995,1.3426399999999996,1.3399399999999997,1.3418799999999995,39098
2026-06-03T08:00:00+00:00,1.3418799999999995,1.3422399999999997,1.3402899999999995,1.3412699999999995,47257
2026-06-03T12:00:00+00:00,1.3412699999999995,1.3413599999999997,1.3381799999999997,1.3397099999999997,77149
2026-06-03T16:00:00+00:00,1.3397099999999997,1.3397699999999997,1.3374099999999995,1.3381999999999996,37418.36561817555
2026-06-03T20:00:00+00:00,1.3381999999999996,1.3387599999999997,1.3367899999999997,1.3385299999999996,12885.576731281326
2026-06-04T00:00:00+00:00,1.3385299999999996,1.3390899999999997,1.3375999999999997,1.3381899999999995,30400
2026-06-04T04:00:00+00:00,1.3381899999999995,1.3393999999999997,1.3370399999999996,1.3380699999999996,36876
2026-06-04T08:00:00+00:00,1.3380699999999996,1.3421599999999996,1.3380599999999996,1.3417699999999997,54438
2026-06-04T12:00:00+00:00,1.3417699999999997,1.3421599999999996,1.3388899999999997,1.3398199999999996,60817
2026-06-04T16:00:00+00:00,1.3398199999999996,1.3401099999999997,1.3380499999999995,1.3382799999999997,32307
2026-06-04T20:00:00+00:00,1.3382799999999997,1.3388099999999996,1.3373599999999997,1.3381699999999996,15267
2026-06-05T00:00:00+00:00,1.3381699999999996,1.3387499999999997,1.3374899999999996,1.3385499999999997,27193
2026-06-05T04:00:00+00:00,1.3385499999999997,1.3407599999999995,1.3382799999999997,1.3404499999999997,31863
2026-06-05T08:00:00+00:00,1.3404499999999997,1.3442399999999997,1.3403599999999996,1.3427299999999995,41062
2026-06-05T12:00:00+00:00,1.3427299999999995,1.3428399999999996,1.3315999999999997,1.3317399999999997,102541
2026-06-05T16:00:00+00:00,1.3317399999999997,1.3318399999999997,1.3289199999999997,1.3296899999999996,52560
2026-06-05T20:00:00+00:00,1.3296899999999996,1.3299399999999997,1.3288599999999995,1.3295299999999992,8099.081073947906
2026-06-07T20:00:00+00:00,1.3295299999999992,1.3311699999999986,1.3287699999999987,1.3310499999999987,10768.212284803722
2026-06-08T00:00:00+00:00,1.3310499999999987,1.3325899999999988,1.3293999999999988,1.3316599999999987,44545
2026-06-08T04:00:00+00:00,1.3316599999999987,1.3324599999999986,1.3295599999999987,1.3303299999999987,57293
2026-06-08T08:00:00+00:00,1.3303299999999987,1.3345299999999987,1.3281599999999987,1.3335499999999987,77619
2026-06-08T12:00:00+00:00,1.3335499999999987,1.3343399999999987,1.3310999999999986,1.3322399999999988,88023
2026-06-08T16:00:00+00:00,1.3322399999999988,1.3328199999999988,1.3313499999999987,1.3316699999999988,48380
2026-06-08T20:00:00+00:00,1.3316699999999988,1.3318899999999987,1.3307999999999987,1.3308999999999989,12897.243155271426
2026-06-09T00:00:00+00:00,1.3308999999999989,1.332839999999999,1.3306099999999987,1.3324599999999989,27875
2026-06-09T04:00:00+00:00,1.3324599999999989,1.3350299999999988,1.3322699999999987,1.3342899999999989,39235
2026-06-09T08:00:00+00:00,1.3342899999999989,1.338159999999999,1.3339999999999987,1.3378099999999988,36901
2026-06-09T12:00:00+00:00,1.3378099999999988,1.3386299999999989,1.3347999999999989,1.3362399999999988,79380
2026-06-09T16:00:00+00:00,1.3362399999999988,1.3366099999999987,1.3333699999999988,1.3355099999999989,77411
2026-06-09T20:00:00+00:00,1.3355099999999989,1.3358299999999987,1.3337799999999989,1.3346999999999989,15700.713927402172
2026-06-10T00:00:00+00:00,1.3346999999999989,1.3365899999999988,1.3343699999999987,1.3363899999999989,38692
2026-06-10T04:00:00+00:00,1.3363899999999989,1.3372599999999988,1.3355199999999987,1.336599999999999,39897
2026-06-10T08:00:00+00:00,1.336599999999999,1.3375299999999988,1.3351299999999988,1.3353899999999987,57525
2026-06-10T12:00:00+00:00,1.3353899999999987,1.3398999999999988,1.3346899999999988,1.3365099999999988,105869
2026-06-10T16:00:00+00:00,1.3365099999999988,1.3373099999999989,1.3347099999999987,1.3347599999999988,64643
2026-06-10T20:00:00+00:00,1.3347599999999988,1.3348099999999987,1.3325299999999989,1.333699999999999,34187.19385949019
2026-06-11T00:00:00+00:00,1.333699999999999,1.336709999999999,1.333699999999999,1.335389999999999,30646
2026-06-11T04:00:00+00:00,1.335389999999999,1.336719999999999,1.335079999999999,1.3357799999999989,22684
2026-06-11T08:00:00+00:00,1.3357799999999989,1.335899999999999,1.332809999999999,1.3340899999999989,25916
2026-06-11T12:00:00+00:00,1.3340899999999989,1.334349999999999,1.3300199999999989,1.331109999999999,74888
2026-06-11T16:00:00+00:00,1.331109999999999,1.340889999999999,1.330199999999999,1.339189999999999,72000
2026-06-11T20:00:00+00:00,1.339189999999999,1.3408299999999986,1.3387999999999989,1.3396199999999987,17655.23823911563
2026-06-12T00:00:00+00:00,1.3396199999999987,1.3399799999999986,1.3381499999999986,1.3396399999999986,45110
2026-06-12T04:00:00+00:00,1.3396399999999986,1.3400099999999986,1.3365399999999987,1.3379899999999987,56673
2026-06-12T08:00:00+00:00,1.3379899999999987,1.3407899999999986,1.3376499999999987,1.3391299999999986,66618
2026-06-12T12:00:00+00:00,1.3391299999999986,1.3405999999999987,1.3371799999999987,1.3394999999999988,96403
2026-06-12T16:00:00+00:00,1.3394999999999988,1.3403899999999986,1.3389599999999986,1.3393099999999984,52908.37374840706
2026-06-12T20:00:00+00:00,1.3393099999999984,1.3393399999999986,1.3376199999999985,1.3376399999999986,3945
2026-06-14T20:00:00+00:00,1.3376399999999986,1.3435899999999987,1.3376399999999986,1.3430799999999987,16723.14318034891
2026-06-15T00:00:00+00:00,1.3430799999999987,1.3442199999999986,1.3413999999999986,1.3424299999999987,34595
2026-06-15T04:00:00+00:00,1.3424299999999987,1.3441299999999987,1.3409599999999986,1.3413899999999988,39319
2026-06-15T08:00:00+00:00,1.3413899999999988,1.3417299999999988,1.3399799999999986,1.3404599999999987,43821
2026-06-15T12:00:00+00:00,1.3404599999999987,1.3425899999999986,1.3398499999999987,1.3406499999999988,55108
2026-06-15T16:00:00+00:00,1.3406499999999988,1.3414799999999987,1.3389099999999987,1.3389899999999988,34581
2026-06-15T20:00:00+00:00,1.3389899999999988,1.3397999999999988,1.3382899999999986,1.3396599999999987,14631.451640636194
2026-06-16T00:00:00+00:00,1.3396599999999987,1.3399199999999987,1.3378599999999987,1.3384399999999987,26262
2026-06-16T04:00:00+00:00,1.3384399999999987,1.3397599999999987,1.3371899999999988,1.3397599999999987,37541
2026-06-16T08:00:00+00:00,1.3397599999999987,1.3412999999999986,1.3392699999999986,1.3396699999999986,40915
2026-06-16T12:00:00+00:00,1.3396699999999986,1.3424599999999987,1.3384299999999987,1.3418899999999987,61564
2026-06-16T16:00:00+00:00,1.3418899999999987,1.3421399999999988,1.3403299999999987,1.3405099999999988,39564
2026-06-16T20:00:00+00:00,1.3405099999999988,1.3411899999999988,1.3398899999999987,1.3406399999999987,12101
2026-06-17T00:00:00+00:00,1.3406399999999987,1.3414999999999986,1.3404999999999987,1.3408299999999986,39954
2026-06-17T04:00:00+00:00,1.3408299999999986,1.3419999999999987,1.3384399999999987,1.3401999999999987,31225
2026-06-17T08:00:00+00:00,1.3401999999999987,1.3402399999999988,1.3380899999999987,1.3386199999999986,36469
2026-06-17T12:00:00+00:00,1.3386199999999986,1.3399799999999986,1.3365899999999986,1.3377599999999987,54300
2026-06-17T16:00:00+00:00,1.3377599999999987,1.3384599999999987,1.3243399999999987,1.3266499999999988,135037
2026-06-17T20:00:00+00:00,1.3266499999999988,1.3283599999999987,1.3258499999999986,1.3281699999999987,21153.363335848997
2026-06-18T00:00:00+00:00,1.3281699999999987,1.3299799999999986,1.3281499999999986,1.3298099999999986,37565
2026-06-18T04:00:00+00:00,1.3298099999999986,1.3305899999999986,1.3270099999999987,1.3277899999999987,46288
2026-06-18T08:00:00+00:00,1.3277899999999987,1.3278099999999986,1.3186199999999988,1.3191899999999988,64607
2026-06-18T12:00:00+00:00,1.3191899999999988,1.3234499999999987,1.3190699999999986,1.3206699999999987,91449
2026-06-18T16:00:00+00:00,1.3206699999999987,1.3211199999999987,1.3174099999999986,1.3180799999999988,62710
2026-06-18T20:00:00+00:00,1.3180799999999988,1.3194699999999986,1.3177799999999986,1.3189599999999986,12920.106525396663
2026-06-19T00:00:00+00:00,1.3189599999999986,1.3199699999999985,1.3174199999999987,1.3175699999999986,29960
2026-06-19T04:00:00+00:00,1.3175699999999986,1.3196299999999985,1.3151399999999986,1.3183699999999987,41244
2026-06-19T08:00:00+00:00,1.3183699999999987,1.3229199999999985,1.3183599999999986,1.3217599999999987,44137
2026-06-19T12:00:00+00:00,1.3217599999999987,1.3228299999999986,1.3201899999999986,1.3208199999999986,51573
2026-06-19T16:00:00+00:00,1.3208199999999986,1.3226499999999985,1.3206299999999986,1.3221199999999986,23136
2026-06-19T20:00:00+00:00,1.3221199999999986,1.3225699999999987,1.3204599999999986,1.3223399999999985,8041.050731925355
2026-06-21T20:00:00+00:00,1.3223399999999985,1.3250199999999985,1.3222499999999986,1.3246599999999986,8132.876475901954
2026-06-22T00:00:00+00:00,1.3246599999999986,1.3272799999999987,1.3246599999999986,1.3251499999999985,37212
2026-06-22T04:00:00+00:00,1.3251499999999985,1.3259899999999987,1.3228699999999987,1.3233299999999986,42180
2026-06-22T08:00:00+00:00,1.3233299999999986,1.3286899999999986,1.3222699999999985,1.3274499999999987,58295
2026-06-22T12:00:00+00:00,1.3274499999999987,1.3312299999999986,1.3273799999999987,1.3286399999999985,91865
2026-06-22T16:00:00+00:00,1.3286399999999985,1.3288799999999985,1.3278899999999987,1.3286999999999987,40825
2026-06-22T20:00:00+00:00,1.3286999999999987,1.3295299999999983,1.3281599999999985,1.3289899999999983,10610.839348357753
2026-06-23T00:00:00+00:00,1.3289899999999983,1.3292599999999983,1.3277399999999984,1.3291899999999983,34964
2026-06-23T04:00:00+00:00,1.3291899999999983,1.3292799999999982,1.3263699999999983,1.3269499999999983,52380
2026-06-23T08:00:00+00:00,1.3269499999999983,1.3278799999999984,1.3249999999999984,1.3251199999999983,53196
2026-06-23T12:00:00+00:00,1.3251199999999983,1.3265299999999982,1.3228099999999983,1.3232999999999984,72478
2026-06-23T16:00:00+00:00,1.3232999999999984,1.3243999999999982,1.3225399999999983,1.3238399999999984,32198
2026-06-23T20:00:00+00:00,1.3238399999999984,1.3247099999999983,1.3235899999999983,1.3242499999999984,8796.384769270993
2026-06-24T00:00:00+00:00,1.3242499999999984,1.3247899999999984,1.3230399999999982,1.3241899999999984,40580
2026-06-24T04:00:00+00:00,1.3241899999999984,1.3252299999999984,1.3223199999999984,1.3229999999999984,49536
2026-06-24T08:00:00+00:00,1.3229999999999984,1.3240699999999983,1.3191599999999983,1.3205999999999982,55791
2026-06-24T12:00:00+00:00,1.3205999999999982,1.3214699999999984,1.3183399999999983,1.3201399999999983,82383
2026-06-24T16:00:00+00:00,1.3201399999999983,1.3221999999999983,1.3196899999999983,1.3203999999999982,48518
2026-06-24T20:00:00+00:00,1.3203999999999982,1.3212999999999984,1.3188399999999982,1.3205199999999975,13912.63023392999
2026-06-25T00:00:00+00:00,1.3205199999999975,1.3224799999999974,1.3199399999999974,1.3223599999999975,38356
2026-06-25T04:00:00+00:00,1.3223599999999975,1.3226599999999975,1.3208699999999975,1.3225899999999975,36151
2026-06-25T08:00:00+00:00,1.3225899999999975,1.3238699999999974,1.3192399999999975,1.3196399999999975,39620
2026-06-25T12:00:00+00:00,1.3196399999999975,1.3259999999999974,1.3193099999999975,1.3255999999999974,101619
2026-06-25T16:00:00+00:00,1.3255999999999974,1.3260299999999976,1.3235099999999975,1.3241099999999975,47134
2026-06-25T20:00:00+00:00,1.3241099999999975,1.3242899999999975,1.3225199999999975,1.3228499999999974,25927.08422368558
2026-06-26T00:00:00+00:00,1.3228499999999974,1.3240899999999975,1.3221399999999974,1.3238899999999976,42360
2026-06-26T04:00:00+00:00,1.3238899999999976,1.3252899999999974,1.3232099999999976,1.3245999999999976,46345
2026-06-26T08:00:00+00:00,1.3245999999999976,1.3269799999999976,1.3239999999999976,1.3257899999999976,63462
2026-06-26T12:00:00+00:00,1.3257899999999976,1.3273299999999975,1.3238599999999976,1.3262299999999976,80603
2026-06-26T16:00:00+00:00,1.3262299999999976,1.3262699999999976,1.3236599999999976,1.3239899999999976,32746
2026-06-26T20:00:00+00:00,1.3239899999999976,1.3244899999999975,1.3228299999999975,1.3229499999999976,7009.743464378367
2026-06-28T20:00:00+00:00,1.3229499999999976,1.3229499999999976,1.3213899999999976,1.3221899999999975,6550.713673825107
2026-06-29T00:00:00+00:00,1.3221899999999975,1.3235599999999974,1.3219199999999975,1.3223999999999976,40900
2026-06-29T04:00:00+00:00,1.3223999999999976,1.3253699999999975,1.3221699999999974,1.3238799999999975,35334
2026-06-29T08:00:00+00:00,1.3238799999999975,1.3260399999999974,1.3228799999999976,1.3256899999999976,39797
2026-06-29T12:00:00+00:00,1.3256899999999976,1.3279499999999975,1.3253299999999975,1.3278999999999974,71654
2026-06-29T16:00:00+00:00,1.3278999999999974,1.3288099999999976,1.3276399999999975,1.3286299999999975,30913
2026-06-29T20:00:00+00:00,1.3286299999999975,1.3287799999999974,1.3269399999999976,1.3279599999999976,7720.438593882187
2026-06-30T00:00:00+00:00,1.3279599999999976,1.3280699999999976,1.3257599999999976,1.3259499999999975,39561
2026-06-30T04:00:00+00:00,1.3259499999999975,1.3273199999999976,1.3248699999999975,1.3260399999999977,42002
2026-06-30T08:00:00+00:00,1.3260399999999977,1.3265799999999976,1.3241099999999977,1.3252699999999975,50697
2026-06-30T12:00:00+00:00,1.3252699999999975,1.3302899999999975,1.3238199999999976,1.3283299999999976,72332
2026-06-30T16:00:00+00:00,1.3283299999999976,1.3291099999999976,1.3274499999999976,1.3290099999999976,32008
2026-06-30T20:00:00+00:00,1.3290099999999976,1.3292099999999976,1.3275999999999977,1.3278699999999977,11204.33248646283
2026-07-01T00:00:00+00:00,1.3278699999999977,1.3280799999999977,1.3260999999999978,1.3264299999999978,33468
2026-07-01T04:00:00+00:00,1.3264299999999978,1.3274999999999977,1.3257799999999977,1.3273299999999977,39759
2026-07-01T08:00:00+00:00,1.3273299999999977,1.3285899999999977,1.3268399999999978,1.3271299999999977,47754
2026-07-01T12:00:00+00:00,1.3271299999999977,1.3321199999999978,1.3247799999999976,1.3306599999999977,105113
2026-07-01T16:00:00+00:00,1.3306599999999977,1.3320999999999978,1.3300499999999977,1.3307099999999978,47054
2026-07-01T20:00:00+00:00,1.3307099999999978,1.3309299999999977,1.3292999999999977,1.3307499999999977,10066.744953169364
2026-07-02T00:00:00+00:00,1.3307499999999977,1.3323799999999977,1.3303399999999976,1.3315499999999976,31475
2026-07-02T04:00:00+00:00,1.3315499999999976,1.3367299999999978,1.3314099999999978,1.3365499999999977,59743
2026-07-02T08:00:00+00:00,1.3365499999999977,1.3391999999999977,1.3337199999999976,1.3339399999999977,76116
2026-07-02T12:00:00+00:00,1.3339399999999977,1.3413599999999977,1.3325899999999977,1.3390899999999977,153274
2026-07-02T16:00:00+00:00,1.3390899999999977,1.3391399999999978,1.3366899999999977,1.3374399999999977,62426
2026-07-02T20:00:00+00:00,1.3374399999999977,1.3379699999999977,1.336049999999998,1.336459999999998,11586.207476025153
2026-07-03T00:00:00+00:00,1.336459999999998,1.3392499999999978,1.3360599999999978,1.3387399999999978,40393
2026-07-03T04:00:00+00:00,1.3387399999999978,1.340729999999998,1.338459999999998,1.339839999999998,40489
2026-07-03T08:00:00+00:00,1.339839999999998,1.340009999999998,1.3375299999999979,1.3384399999999979,31460
2026-07-03T12:00:00+00:00,1.3384399999999979,1.3388099999999978,1.337199999999998,1.3381699999999979,31003
2026-07-03T16:00:00+00:00,1.3381699999999979,1.338449999999998,1.337739999999998,1.3378999999999979,22685.4984316171
2026-07-03T20:00:00+00:00,1.3378999999999979,1.3379999999999979,1.336969999999998,1.3369799999999978,14337
2026-07-05T20:00:00+00:00,1.3369799999999978,1.3385199999999973,1.3366299999999973,1.3383399999999974,7681.972482697522
2026-07-06T00:00:00+00:00,1.3383399999999974,1.3387799999999974,1.3370299999999973,1.3373299999999972,41283
2026-07-06T04:00:00+00:00,1.3373299999999972,1.3380899999999973,1.3359799999999973,1.3379899999999973,42993
2026-07-06T08:00:00+00:00,1.3379899999999973,1.3381399999999974,1.3361599999999973,1.3375499999999974,47051
2026-07-06T12:00:00+00:00,1.3375499999999974,1.3399399999999972,1.3368499999999974,1.3398899999999974,54527
2026-07-06T16:00:00+00:00,1.3398899999999974,1.3428399999999974,1.3396399999999973,1.3423199999999973,30957
2026-07-06T20:00:00+00:00,1.3423199999999973,1.3432499999999974,1.3411199999999974,1.3425299999999973,11169.017692874115
2026-07-07T00:00:00+00:00,1.3425299999999973,1.3432699999999973,1.3418899999999974,1.3421199999999973,31064
2026-07-07T04:00:00+00:00,1.3421199999999973,1.3424299999999973,1.3406299999999973,1.3408599999999973,33438
2026-07-07T08:00:00+00:00,1.3408599999999973,1.3425199999999973,1.3400499999999973,1.3419199999999973,40920
2026-07-07T12:00:00+00:00,1.3419199999999973,1.3423599999999973,1.3391899999999974,1.3401799999999973,58941
2026-07-07T16:00:00+00:00,1.3401799999999973,1.3407299999999973,1.3379899999999973,1.3392599999999972,37583
2026-07-07T20:00:00+00:00,1.3392599999999972,1.3393799999999974,1.3375899999999974,1.3377699999999972,10987.375309492698
2026-07-08T00:00:00+00:00,1.3377699999999972,1.3390499999999974,1.3373399999999973,1.3385899999999973,42168
2026-07-08T04:00:00+00:00,1.3385899999999973,1.3401199999999973,1.3381799999999973,1.3396199999999974,46653
2026-07-08T08:00:00+00:00,1.3396199999999974,1.3401399999999974,1.3353399999999973,1.3366999999999973,87047
2026-07-08T12:00:00+00:00,1.3366999999999973,1.3409099999999974,1.3365799999999974,1.3391599999999972,95002
2026-07-08T16:00:00+00:00,1.3391599999999972,1.3441599999999974,1.3391399999999973,1.343339999999997,54337.49504950495
2026-07-08T20:00:00+00:00,1.343339999999997,1.343509999999997,1.3411099999999971,1.3424399999999972,14140.193463302588
2026-07-09T00:00:00+00:00,1.3424399999999972,1.343509999999997,1.3417599999999972,1.3426899999999973,36291
2026-07-09T04:00:00+00:00,1.3426899999999973,1.3461799999999973,1.342459999999997,1.3445899999999973,41771
2026-07-09T08:00:00+00:00,1.3445899999999973,1.3452499999999972,1.3415499999999971,1.3419499999999973,42348
2026-07-09T12:00:00+00:00,1.3419499999999973,1.344189999999997,1.3411699999999973,1.3437999999999972,58744
2026-07-09T16:00:00+00:00,1.3437999999999972,1.3450199999999972,1.3433199999999972,1.343849999999997,29440
2026-07-09T20:00:00+00:00,1.343849999999997,1.3442599999999965,1.3420999999999965,1.3442499999999966,13058.37945080421
2026-07-10T00:00:00+00:00,1.3442499999999966,1.3480999999999965,1.3437699999999966,1.3468599999999966,40888
2026-07-10T04:00:00+00:00,1.3468599999999966,1.3468599999999966,1.3449699999999964,1.3450999999999966,41622
2026-07-10T08:00:00+00:00,1.3450999999999966,1.3466599999999966,1.3437799999999966,1.3455399999999966,44692
2026-07-10T12:00:00+00:00,1.3455399999999966,1.3466399999999965,1.3421099999999966,1.3449899999999966,69318
2026-07-10T16:00:00+00:00,1.3449899999999966,1.3452499999999965,1.3421899999999964,1.3427399999999965,34640
2026-07-10T20:00:00+00:00,1.3427399999999965,1.3429899999999966,1.3422299999999965,1.3426099999999965,5321
2026-07-12T20:00:00+00:00,1.3426099999999965,1.3432199999999965,1.3412099999999962,1.3429199999999961,9608.320977879495
2026-07-13T00:00:00+00:00,1.3429199999999961,1.343049999999996,1.3409699999999962,1.3421399999999961,64023
2026-07-13T04:00:00+00:00,1.3421399999999961,1.3438499999999962,1.3417199999999962,1.343629999999996,60052
2026-07-13T08:00:00+00:00,1.343629999999996,1.3454699999999962,1.3424599999999962,1.343629999999996,63104
2026-07-13T12:00:00+00:00,1.343629999999996,1.3445399999999963,1.3406199999999961,1.3423199999999962,82570
2026-07-13T16:00:00+00:00,1.3423199999999962,1.3427199999999961,1.3394399999999962,1.339629999999996,61818
2026-07-13T20:00:00+00:00,1.339629999999996,1.3397699999999961,1.3385399999999963,1.3393299999999961,12975.17612881641
2026-07-14T00:00:00+00:00,1.3393299999999961,1.3407699999999962,1.3385999999999962,1.340409999999996,60399
2026-07-14T04:00:00+00:00,1.340409999999996,1.3413299999999961,1.3394999999999961,1.3401099999999961,52684
2026-07-14T08:00:00+00:00,1.3401099999999961,1.3430899999999961,1.3397599999999963,1.3427899999999962,59967
2026-07-14T12:00:00+00:00,1.3427899999999962,1.3486899999999962,1.3423499999999962,1.3426399999999963,122702
2026-07-14T16:00:00+00:00,1.3426399999999963,1.343559999999996,1.3411699999999962,1.3431599999999961,51263
2026-07-14T20:00:00+00:00,1.3431599999999961,1.3439999999999959,1.341379999999996,1.343979999999996,12391.090019850824
2026-07-15T00:00:00+00:00,1.343979999999996,1.3452799999999958,1.3437899999999958,1.344719999999996,37113
2026-07-15T04:00:00+00:00,1.344719999999996,1.346359999999996,1.344379999999996,1.344559999999996,40426
2026-07-15T08:00:00+00:00,1.344559999999996,1.3458599999999958,1.342419999999996,1.345359999999996,47155
2026-07-15T12:00:00+00:00,1.345359999999996,1.354139999999996,1.3446399999999958,1.353919999999996,75972
2026-07-15T16:00:00+00:00,1.353919999999996,1.360149999999996,1.3537599999999959,1.3578299999999959,61160
2026-07-15T20:00:00+00:00,1.3578299999999959,1.3592299999999953,1.357269999999995,1.3586999999999951,12989.12873001667
2026-07-16T00:00:00+00:00,1.3586999999999951,1.3592899999999952,1.356829999999995,1.3581599999999951,45803
2026-07-16T04:00:00+00:00,1.3581599999999951,1.3590899999999952,1.3575599999999952,1.3581699999999952,45429
2026-07-16T08:00:00+00:00,1.3581699999999952,1.3582899999999951,1.3541799999999953,1.355509999999995,49219
2026-07-16T12:00:00+00:00,1.355509999999995,1.3565799999999952,1.3528599999999953,1.3531499999999952,72454
2026-07-16T16:00:00+00:00,1.3531499999999952,1.3532099999999951,1.3508099999999952,1.352319999999995,44743
2026-07-16T20:00:00+00:00,1.352319999999995,1.3528799999999952,1.3514799999999951,1.352429999999995,9519.884860743376
2026-07-17T00:00:00+00:00,1.352429999999995,1.352599999999995,1.350819999999995,1.3511399999999951,45703
2026-07-17T04:00:00+00:00,1.3511399999999951,1.352719999999995,1.350329999999995,1.350349999999995,44704
2026-07-17T08:00:00+00:00,1.350349999999995,1.350849999999995,1.347229999999995,1.348459999999995,51621
2026-07-17T12:00:00+00:00,1.348459999999995,1.350109999999995,1.347439999999995,1.349099999999995,65110
2026-07-17T16:00:00+00:00,1.349099999999995,1.350619999999995,1.348389999999995,1.350449999999995,42902
2026-07-17T20:00:00+00:00,1.350449999999995,1.350619999999995,1.348759999999995,1.349429999999995,3319
2026-07-19T20:00:00+00:00,1.349429999999995,1.3513399999999953,1.349229999999995,1.350899999999995,10309.798025500924
2026-07-20T00:00:00+00:00,1.350899999999995,1.3527599999999953,1.3507099999999952,1.352459999999995,41678
2026-07-20T04:00:00+00:00,1.352459999999995,1.3545399999999952,1.3521599999999951,1.3540199999999951,43489
2026-07-20T08:00:00+00:00,1.3540199999999951,1.3542799999999953,1.3521599999999951,1.3526699999999952,49143
2026-07-20T12:00:00+00:00,1.3526699999999952,1.3528799999999952,1.347779999999995,1.3481999999999952,57593
2026-07-20T16:00:00+00:00,1.3481999999999952,1.3503799999999953,1.3476399999999953,1.3499299999999952,36660
2026-07-20T20:00:00+00:00,1.3499299999999952,1.3504999999999951,1.348729999999995,1.3504599999999953,9449.75535487316
2026-07-21T00:00:00+00:00,1.3504599999999953,1.3512999999999953,1.3500199999999953,1.3509799999999952,38600
2026-07-21T04:00:00+00:00,1.3509799999999952,1.3528899999999953,1.3509099999999952,1.3513899999999952,42065
2026-07-21T08:00:00+00:00,1.3513899999999952,1.3521799999999953,1.3475099999999953,1.3478599999999952,36554
2026-07-21T12:00:00+00:00,1.3478599999999952,1.3480399999999952,1.3432599999999952,1.3446299999999953,69335
2026-07-21T16:00:00+00:00,1.3446299999999953,1.3460699999999952,1.3442399999999952,1.3453599999999952,25803
2026-07-21T20:00:00+00:00,1.3453599999999952,1.3454099999999953,1.3436699999999953,1.3451899999999952,13977
2026-07-22T00:00:00+00:00,1.3451899999999952,1.3463099999999952,1.3450999999999953,1.3456299999999952,39200
2026-07-22T04:00:00+00:00,1.3456299999999952,1.3468599999999953,1.3442599999999951,1.3455599999999952,49902
2026-07-22T08:00:00+00:00,1.3455599999999952,1.3457199999999951,1.3436799999999953,1.3440599999999951,50205
2026-07-22T12:00:00+00:00,1.3440599999999951,1.3464099999999952,1.3427499999999952,1.3449399999999951,58367
2026-07-22T16:00:00+00:00,1.3449399999999951,1.3449599999999953,1.3438799999999953,1.3446699999999951,29227
2026-07-22T20:00:00+00:00,1.3446699999999951,1.3450299999999953,1.343199999999995,1.3444399999999952,10550.988597376414
2026-07-23T00:00:00+00:00,1.3444399999999952,1.3461099999999953,1.3442699999999952,1.3458299999999952,41076
2026-07-23T04:00:00+00:00,1.3458299999999952,1.346289999999995,1.3436499999999951,1.3443099999999952,44221
2026-07-23T08:00:00+00:00,1.3443099999999952,1.3447199999999953,1.3409499999999952,1.342489999999995,56301
2026-07-23T12:00:00+00:00,1.342489999999995,1.3425499999999952,1.3368399999999951,1.3379899999999951,89050
2026-07-23T16:00:00+00:00,1.3379899999999951,1.3395199999999952,1.3379599999999952,1.3386399999999952,39852
2026-07-23T20:00:00+00:00,1.3386399999999952,1.3388699999999951,1.3366199999999953,1.3381799999999953,9581.796390066129
2026-07-24T00:00:00+00:00,1.3381799999999953,1.3396199999999951,1.338049999999995,1.3383699999999952,35605
2026-07-24T04:00:00+00:00,1.3383699999999952,1.3413799999999951,1.337579999999995,1.3405099999999952,36394
2026-07-24T08:00:00+00:00,1.3405099999999952,1.340659999999995,1.3382399999999952,1.3392499999999952,44614
2026-07-24T12:00:00+00:00,1.3392499999999952,1.341849999999995,1.3375199999999952,1.3411299999999953,61987
2026-07-24T16:00:00+00:00,1.3411299999999953,1.3414799999999951,1.3390899999999952,1.3390899999999952,27736
2026-07-24T20:00:00+00:00,1.3390899999999952,1.3393099999999951,1.33221,1.33221,2977
2026-07-26T20:00:00+00:00,1.33221,1.33439,1.3311,1.33383,8497.54616474458
2026-07-27T00:00:00+00:00,1.33383,1.33513,1.33373,1.33402,50099
2026-07-27T04:00:00+00:00,1.33402,1.33485,1.3322,1.33225,46076
2026-07-27T08:00:00+00:00,1.33225,1.33286,1.32973,1.33017,48805
2026-07-27T12:00:00+00:00,1.33017,1.33088,1.3287,1.32897,62846
2026-07-27T16:00:00+00:00,1.32897,1.33018,1.32722,1.32795,38846
2026-07-27T20:00:00+00:00,1.32795,1.32804,1.32645,1.3272899999999999,10645.356959341825
2026-07-28T00:00:00+00:00,1.3272899999999999,1.32872,1.32689,1.3280899999999998,34171
2026-07-28T04:00:00+00:00,1.3280899999999998,1.3287999999999998,1.3268799999999998,1.3274899999999998,35352
2026-07-28T08:00:00+00:00,1.3274899999999998,1.32882,1.3256499999999998,1.3262299999999998,41232
2026-07-28T12:00:00+00:00,1.3262299999999998,1.3294099999999998,1.3262199999999997,1.32923,52177
2026-07-28T16:00:00+00:00,1.32923,1.32943,1.32696,1.3270899999999999,31507
2026-07-28T20:00:00+00:00,1.3270899999999999,1.3275499999999998,1.3259699999999996,1.3269699999999998,16535.079681626914
2026-07-29T00:00:00+00:00,1.3269699999999998,1.3282199999999997,1.3264699999999996,1.3277999999999996,42857
2026-07-29T04:00:00+00:00,1.3277999999999996,1.3289999999999997,1.3277299999999996,1.3284899999999997,37079
2026-07-29T08:00:00+00:00,1.3284899999999997,1.3291899999999996,1.3271299999999997,1.3275599999999996,36019
2026-07-29T12:00:00+00:00,1.3275599999999996,1.3287099999999996,1.3261599999999998,1.3269399999999998,50062
2026-07-29T16:00:00+00:00,1.3269399999999998,1.3370199999999997,1.3262499999999997,1.3329199999999997,85774
2026-07-29T20:00:00+00:00,1.3329199999999997,1.3358299999999996,1.3325699999999996,1.3349899999999997,31204.506186737013
2026-07-30T00:00:00+00:00,1.3349899999999997,1.3351499999999996,1.3324799999999997,1.3328499999999996,44281
2026-07-30T04:00:00+00:00,1.3328499999999996,1.3339999999999996,1.3315899999999996,1.3321099999999997,44767
2026-07-30T08:00:00+00:00,1.3321099999999997,1.3390099999999996,1.3320999999999996,1.3370699999999995,65665
2026-07-30T12:00:00+00:00,1.3370699999999995,1.3446199999999995,1.3349999999999995,1.3441999999999996,130966
2026-07-30T16:00:00+00:00,1.3441999999999996,1.3459699999999997,1.3437499999999996,1.3452799999999996,50405
2026-07-30T20:00:00+00:00,1.3452799999999996,1.3455899999999996,1.3439099999999995,1.3443499999999995,14747.899240966857
2026-07-31T00:00:00+00:00,1.3443499999999995,1.3447899999999995,1.3428099999999996,1.3434299999999997,53590
2026-07-31T04:00:00+00:00,1.3434299999999997,1.3445499999999997,1.3423399999999996,1.3435299999999997,60246
2026-07-31T08:00:00+00:00,1.3435299999999997,1.3452499999999998,1.3402299999999998,1.3402699999999999,65233
2026-07-31T12:00:00+00:00,1.3402699999999999,1.3457299999999996,1.3384799999999997,1.3452499999999998,94588
2026-07-31T16:00:00+00:00,1.3452499999999998,1.3472799999999998,1.3446199999999997,1.3461299999999998,55462
2026-07-31T20:00:00+00:00,1.3461299999999998,1.3478799999999997,1.3457399999999997,1.3459699999999997,14219
2026-08-02T20:00:00+00:00,1.3459699999999997,1.3479899999999996,1.3451899999999997,1.3464699999999996,18189.739868993023
2026-08-03T00:00:00+00:00,1.3464699999999996,1.3476299999999997,1.3437499999999996,1.3441099999999995,70814
2026-08-03T04:00:00+00:00,1.3441099999999995,1.3451599999999997,1.3426499999999997,1.3434899999999996,51615
2026-08-03T08:00:00+00:00,1.3434899999999996,1.3441499999999995,1.3421699999999996,1.3441199999999995,52263
2026-08-03T12:00:00+00:00,1.3441199999999995,1.3444699999999996,1.3395999999999997,1.3407399999999996,65974
2026-08-03T16:00:00+00:00,1.3407399999999996,1.3409899999999997,1.3391099999999996,1.3404599999999995,35521
2026-08-03T20:00:00+00:00,1.3404599999999995,1.3407299999999995,1.3392599999999997,1.3400499999999995,13263.485035218313
2026-08-04T00:00:00+00:00,1.3400499999999995,1.3406499999999997,1.3393599999999997,1.3399699999999997,47504
2026-08-04T04:00:00+00:00,1.3399699999999997,1.3412399999999995,1.3392999999999995,1.3409699999999996,43941
2026-08-04T08:00:00+00:00,1.3409699999999996,1.3428299999999995,1.3406399999999996,1.3420299999999996,50226
2026-08-04T12:00:00+00:00,1.3420299999999996,1.3428899999999995,1.3411299999999995,1.3427599999999995,55939
2026-08-04T16:00:00+00:00,1.3427599999999995,1.3429699999999996,1.3413299999999997,1.3423899999999995,36267
2026-08-04T20:00:00+00:00,1.3423899999999995,1.3427699999999996,1.3412599999999997,1.3423899999999995,16145.57451248174
2026-08-05T00:00:00+00:00,1.3423899999999995,1.3433199999999996,1.3417599999999996,1.3429299999999995,40265
2026-08-05T04:00:00+00:00,1.3429299999999995,1.3442699999999996,1.3424499999999995,1.3441099999999995,44234
2026-08-05T08:00:00+00:00,1.3441099999999995,1.3455999999999997,1.3427399999999996,1.3452399999999995,45377
2026-08-05T12:00:00+00:00,1.3452399999999995,1.3459699999999997,1.3430499999999996,1.3435399999999995,63215
2026-08-05T16:00:00+00:00,1.3435399999999995,1.3446499999999997,1.3428799999999996,1.3437299999999996,33647
2026-08-05T20:00:00+00:00,1.3437299999999996,1.3445699999999994,1.3426899999999995,1.3443899999999993,14348.878829579342
2026-08-06T00:00:00+00:00,1.3443899999999993,1.3447199999999995,1.3432699999999995,1.3434699999999995,40822
2026-08-06T04:00:00+00:00,1.3434699999999995,1.3439699999999994,1.3429299999999995,1.3434299999999995,33589
2026-08-06T08:00:00+00:00,1.3434299999999995,1.3443299999999994,1.3426699999999994,1.3443199999999995,43121
2026-08-06T12:00:00+00:00,1.3443199999999995,1.3454099999999993,1.3424199999999995,1.3428299999999993,55868
2026-08-06T16:00:00+00:00,1.3428299999999993,1.3433799999999994,1.3423099999999994,1.3429399999999994,33482
2026-08-06T20:00:00+00:00,1.3429399999999994,1.3430599999999995,1.3413599999999994,1.3428299999999995,10336.124148063132
2026-08-07T00:00:00+00:00,1.3428299999999995,1.3430299999999995,1.3421399999999994,1.3426799999999997,39290
2026-08-07T04:00:00+00:00,1.3426799999999997,1.3431999999999995,1.3419199999999996,1.3421699999999996,38198
2026-08-07T08:00:00+00:00,1.3421699999999996,1.3423899999999995,1.3407999999999995,1.3423199999999995,35905
2026-08-07T12:00:00+00:00,1.3423199999999995,1.3482599999999996,1.3409999999999995,1.3469899999999995,95565
2026-08-07T16:00:00+00:00,1.3469899999999995,1.3477699999999995,1.3465599999999995,1.3470999999999995,39295
2026-08-07T20:00:00+00:00,1.3470999999999995,1.34895,1.3454699999999995,1.34839,4345
2026-08-09T20:00:00+00:00,1.34839,1.3493199999999999,1.3475599999999999,1.3484399999999999,12260.614985079887
2026-08-10T00:00:00+00:00,1.3484399999999999,1.34899,1.3479199999999998,1.3480899999999998,34627
2026-08-10T04:00:00+00:00,1.3480899999999998,1.3497499999999998,1.3479599999999998,1.34919,38491
2026-08-10T08:00:00+00:00,1.34919,1.3502899999999998,1.3488499999999999,1.34971,38715
2026-08-10T12:00:00+00:00,1.34971,1.3526799999999999,1.34862,1.3521699999999999,56091
2026-08-10T16:00:00+00:00,1.3521699999999999,1.3522899999999998,1.35011,1.3504099999999999,29296
2026-08-10T20:00:00+00:00,1.3504099999999999,1.35073,1.34934,1.3506999999999998,9093
2026-08-11T00:00:00+00:00,1.3506999999999998,1.3511499999999999,1.34988,1.3506299999999998,31268
2026-08-11T04:00:00+00:00,1.3506299999999998,1.35119,1.3490399999999998,1.3492799999999998,40176
2026-08-11T08:00:00+00:00,1.3492799999999998,1.3504699999999998,1.34893,1.3489499999999999,38949
2026-08-11T12:00:00+00:00,1.3489499999999999,1.35109,1.34883,1.35109,45998
2026-08-11T16:00:00+00:00,1.35109,1.3511499999999999,1.3492499999999998,1.3504399999999999,25935
2026-08-11T20:00:00+00:00,1.3504399999999999,1.35093,1.3497499999999998,1.3507399999999998,9689.737069189774
2026-08-12T00:00:00+00:00,1.3507399999999998,1.35099,1.3499899999999998,1.3503999999999998,30874
2026-08-12T04:00:00+00:00,1.3503999999999998,1.3510099999999998,1.3500899999999998,1.35069,26467
2026-08-12T08:00:00+00:00,1.35069,1.3528,1.3505299999999998,1.3525099999999999,42863
2026-08-12T12:00:00+00:00,1.3525099999999999,1.35438,1.3500299999999998,1.35082,92010
2026-08-12T16:00:00+00:00,1.35082,1.35099,1.34862,1.34906,32533.84291501881
2026-08-12T20:00:00+00:00,1.34906,1.34966,1.34839,1.34958,8065.958252127366
2026-08-13T00:00:00+00:00,1.34958,1.34995,1.34856,1.34893,28170
2026-08-13T04:00:00+00:00,1.34893,1.34992,1.34732,1.34818,34814
2026-08-13T08:00:00+00:00,1.34818,1.35,1.34742,1.34911,35669
2026-08-13T12:00:00+00:00,1.34911,1.3512,1.34826,1.34947,58281
2026-08-13T16:00:00+00:00,1.34947,1.34951,1.34786,1.34861,29783
2026-08-13T20:00:00+00:00,1.34861,1.34897,1.34749,1.3488600000000002,9643.195446056601
2026-08-14T00:00:00+00:00,1.3488600000000002,1.3497000000000001,1.3487200000000001,1.3493700000000002,35559
2026-08-14T04:00:00+00:00,1.3493700000000002,1.3512300000000002,1.3493300000000001,1.3511000000000002,33887
2026-08-14T08:00:00+00:00,1.3511000000000002,1.3541500000000002,1.3510900000000001,1.35338,37947
2026-08-14T12:00:00+00:00,1.35338,1.3560800000000002,1.3531600000000001,1.35528,70060
2026-08-14T16:00:00+00:00,1.35528,1.3555300000000001,1.3525800000000001,1.3533600000000001,31163
2026-08-14T20:00:00+00:00,1.3533600000000001,1.35351,1.3520400000000001,1.35264,4662
2026-08-16T20:00:00+00:00,1.35264,1.3540500000000004,1.3519700000000003,1.3539600000000005,5931.261484730464
2026-08-17T00:00:00+00:00,1.3539600000000005,1.3550200000000003,1.3539500000000004,1.3545000000000005,29626
2026-08-17T04:00:00+00:00,1.3545000000000005,1.3564600000000004,1.3543100000000003,1.3556400000000004,36530
2026-08-17T08:00:00+00:00,1.3556400000000004,1.3564400000000003,1.3542500000000004,1.3549800000000003,37357
2026-08-17T12:00:00+00:00,1.3549800000000003,1.3562200000000004,1.3543800000000004,1.3555300000000003,47747
2026-08-17T16:00:00+00:00,1.3555300000000003,1.3558300000000003,1.3529100000000005,1.3536600000000003,28906
2026-08-17T20:00:00+00:00,1.3536600000000003,1.3540900000000002,1.3523100000000003,1.3539000000000003,8553.542425565425
2026-08-18T00:00:00+00:00,1.3539000000000003,1.3542900000000002,1.3522600000000002,1.3524100000000003,41337
2026-08-18T04:00:00+00:00,1.3524100000000003,1.3531600000000004,1.3508500000000003,1.3517500000000002,37861
2026-08-18T08:00:00+00:00,1.3517500000000002,1.3522400000000003,1.3508600000000002,1.3515700000000004,35438
2026-08-18T12:00:00+00:00,1.3515700000000004,1.3539800000000002,1.3512400000000002,1.3531600000000004,55926
2026-08-18T16:00:00+00:00,1.3531600000000004,1.3535900000000003,1.3520200000000002,1.3521500000000002,29913
2026-08-18T20:00:00+00:00,1.3521500000000002,1.3525500000000004,1.3512100000000002,1.3524900000000004,11818.762170786646
2026-08-19T00:00:00+00:00,1.3524900000000004,1.3532800000000003,1.3512400000000004,1.3526100000000003,41399
2026-08-19T04:00:00+00:00,1.3526100000000003,1.3546900000000004,1.3525200000000004,1.3544700000000003,43532
2026-08-19T08:00:00+00:00,1.3544700000000003,1.3554800000000002,1.3536500000000002,1.3541800000000004,38513
2026-08-19T12:00:00+00:00,1.3541800000000004,1.3619300000000003,1.3541500000000004,1.3595500000000003,98537
2026-08-19T16:00:00+00:00,1.3595500000000003,1.3604800000000004,1.3578500000000004,1.3596800000000004,51485
2026-08-19T20:00:00+00:00,1.3596800000000004,1.3607900000000004,1.3586300000000002,1.3597600000000003,11973.250253330953
2026-08-20T00:00:00+00:00,1.3597600000000003,1.3612800000000005,1.3592400000000004,1.3612000000000004,51230
2026-08-20T04:00:00+00:00,1.3612000000000004,1.3629100000000005,1.3597800000000004,1.3622700000000003,51543
2026-08-20T08:00:00+00:00,1.3622700000000003,1.3657400000000004,1.3621100000000004,1.3629800000000003,50840
2026-08-20T12:00:00+00:00,1.3629800000000003,1.3650600000000004,1.3618300000000003,1.3634600000000003,86950
2026-08-20T16:00:00+00:00,1.3634600000000003,1.3635400000000004,1.3618400000000004,1.3626500000000004,40719
2026-08-20T20:00:00+00:00,1.3626500000000004,1.3641600000000005,1.3617900000000005,1.3640800000000004,11146.06095196028
2026-08-21T00:00:00+00:00,1.3640800000000004,1.3653300000000004,1.3634600000000003,1.3643500000000004,42557
2026-08-21T04:00:00+00:00,1.3643500000000004,1.3651300000000004,1.3635600000000003,1.3638700000000004,38596
2026-08-21T08:00:00+00:00,1.3638700000000004,1.3673500000000005,1.3633400000000004,1.3655200000000005,55260
2026-08-21T12:00:00+00:00,1.3655200000000005,1.3657700000000004,1.3616300000000003,1.3639800000000004,68040
2026-08-21T16:00:00+00:00,1.3639800000000004,1.3651700000000004,1.3634500000000005,1.3644900000000004,33097
2026-08-21T20:00:00+00:00,1.3644900000000004,1.3646300000000005,1.3631400000000005,1.36411,4945
2026-08-23T20:00:00+00:00,1.36189,1.36539,1.36189,1.36538,7135
2026-08-24T00:00:00+00:00,1.36538,1.3656,1.36416,1.36454,42212
2026-08-24T04:00:00+00:00,1.36454,1.36489,1.36319,1.36326,50522
2026-08-24T08:00:00+00:00,1.36326,1.36409,1.36212,1.36387,46545
2026-08-24T12:00:00+00:00,1.36387,1.36497,1.36286,1.36297,68339
2026-08-24T16:00:00+00:00,1.36297,1.36377,1.36247,1.3628,40920
2026-08-24T20:00:00+00:00,1.3628,1.3638,1.36224,1.36375,8943
2026-08-25T00:00:00+00:00,1.36375,1.36404,1.36282,1.36289,41278
2026-08-25T04:00:00+00:00,1.36289,1.36443,1.36219,1.36383,36945
2026-08-25T08:00:00+00:00,1.36383,1.36496,1.36275,1.3631900000000001,48368
2026-08-25T12:00:00+00:00,1.3631900000000001,1.36528,1.36259,1.36397,59295
2026-08-25T16:00:00+00:00,1.36397,1.3653899999999999,1.3632,1.3652099999999998,33654
2026-08-25T20:00:00+00:00,1.3652099999999998,1.3654499999999998,1.36357,1.36445,11993
2026-08-26T00:00:00+00:00,1.36445,1.3647799999999999,1.36351,1.36357,35275
2026-08-26T04:00:00+00:00,1.36357,1.36394,1.36238,1.36306,32282
2026-08-26T08:00:00+00:00,1.36306,1.36357,1.3615899999999999,1.3627799999999999,34421
2026-08-26T12:00:00+00:00,1.3627799999999999,1.36344,1.35823,1.35923,68654
2026-08-26T16:00:00+00:00,1.35923,1.35954,1.3586399999999998,1.35926,31728
2026-08-26T20:00:00+00:00,1.35926,1.35982,1.35813,1.35962,25782
2026-08-27T00:00:00+00:00,1.35962,1.35968,1.3587399999999998,1.35879,39183
2026-08-27T04:00:00+00:00,1.35879,1.3596899999999998,1.3585699999999998,1.3587799999999999,32989
2026-08-27T08:00:00+00:00,1.3587799999999999,1.3595199999999998,1.3571,1.3578299999999999,43974
2026-08-27T12:00:00+00:00,1.3578299999999999,1.3602699999999999,1.35736,1.3598799999999998,65551
2026-08-27T16:00:00+00:00,1.3598799999999998,1.3601299999999996,1.3582799999999995,1.3588199999999995,30533
2026-08-27T20:00:00+00:00,1.3588199999999995,1.35982,1.3580999999999996,1.35969,9217
2026-08-28T00:00:00+00:00,1.35969,1.35979,1.35878,1.35896,33653
2026-08-28T04:00:00+00:00,1.35896,1.35946,1.35803,1.35874,34106
2026-08-28T08:00:00+00:00,1.35874,1.35919,1.35802,1.3585,36283
2026-08-28T12:00:00+00:00,1.3585,1.35978,1.35292,1.35534,103587
2026-08-28T16:00:00+00:00,1.35534,1.35534,1.35267,1.35382,49157
2026-08-28T20:00:00+00:00,1.35382,1.3539,1.3526,1.35319,3369
2026-08-30T20:00:00+00:00,1.3531199999999999,1.35406,1.35248,1.35397,7085
2026-08-31T00:00:00+00:00,1.35397,1.35472,1.35334,1.3544,43591
2026-08-31T04:00:00+00:00,1.3544,1.35489,1.35366,1.35462,37197
2026-08-31T08:00:00+00:00,1.35462,1.35558,1.35357,1.35385,46441
2026-08-31T12:00:00+00:00,1.35385,1.35653,1.35355,1.35485,68836
2026-08-31T16:00:00+00:00,1.35485,1.35532,1.35461,1.35496,31110
2026-08-31T20:00:00+00:00,1.35496,1.3554,1.3538,1.35485,11386
2026-09-01T00:00:00+00:00,1.35485,1.35593,1.35407,1.35408,45720
2026-09-01T04:00:00+00:00,1.35408,1.35496,1.35315,1.35362,39522
2026-09-01T08:00:00+00:00,1.35362,1.35484,1.35289,1.35357,49536
2026-09-01T12:00:00+00:00,1.35357,1.3552,1.35235,1.35267,61482
2026-09-01T16:00:00+00:00,1.35267,1.35279,1.35061,1.35117,36996
2026-09-01T20:00:00+00:00,1.35117,1.35189,1.3506,1.3513,10576
2026-09-02T00:00:00+00:00,1.3513,1.35145,1.35005,1.35026,47477
2026-09-02T04:00:00+00:00,1.35026,1.35129,1.34896,1.35108,49383
2026-09-02T08:00:00+00:00,1.35108,1.35147,1.34769,1.34846,49408
2026-09-02T12:00:00+00:00,1.34846,1.35135,1.34745,1.35014,89169
2026-09-02T16:00:00+00:00,1.35014,1.35039,1.34833,1.3488,40254
2026-09-02T20:00:00+00:00,1.3488,1.3491,1.34771,1.34823,11271
2026-09-03T00:00:00+00:00,1.34823,1.34967,1.34803,1.34946,48913
2026-09-03T04:00:00+00:00,1.34946,1.35048,1.34835,1.35029,58210
2026-09-03T08:00:00+00:00,1.35029,1.35075,1.34844,1.34945,62924
2026-09-03T12:00:00+00:00,1.34945,1.3541,1.34892,1.35325,94637
2026-09-03T16:00:00+00:00,1.35325,1.3548,1.35225,1.35256,39536
2026-09-03T20:00:00+00:00,1.35256,1.35295,1.35184,1.35284,10623
2026-09-04T00:00:00+00:00,1.35284,1.35376,1.35248,1.35293,40586
2026-09-04T04:00:00+00:00,1.35293,1.3549,1.35293,1.35343,40522
2026-09-04T08:00:00+00:00,1.35343,1.3543,1.35218,1.35321,44461
2026-09-04T12:00:00+00:00,1.35321,1.35364,1.34817,1.35202,102836
2026-09-04T16:00:00+00:00,1.35202,1.35248,1.35107,1.35187,32426
2026-09-04T20:00:00+00:00,1.35187,1.35196,1.35065,1.35106,2953
2026-09-06T20:00:00+00:00,1.35087,1.35197,1.35077,1.35166,9458
2026-09-07T00:00:00+00:00,1.35166,1.35222,1.35054,1.35111,38280
2026-09-07T04:00:00+00:00,1.35111,1.35337,1.35082,1.35326,36395
2026-09-07T08:00:00+00:00,1.35326,1.35451,1.35302,1.35318,40710
2026-09-07T12:00:00+00:00,1.35318,1.35471,1.35289,1.35398,37265
2026-09-07T16:00:00+00:00,1.35398,1.35476,1.35383,1.35398,7736
2026-09-07T20:00:00+00:00,1.35398,1.35486,1.35306,1.35466,8833
2026-09-08T00:00:00+00:00,1.35466,1.35497,1.35335,1.35376,43352
2026-09-08T04:00:00+00:00,1.35376,1.35527,1.35262,1.35314,46834
2026-09-08T08:00:00+00:00,1.35314,1.35457,1.35216,1.35444,53649
2026-09-08T12:00:00+00:00,1.35444,1.35619,1.35392,1.35406,58345
2026-09-08T16:00:00+00:00,1.35406,1.35506,1.35305,1.35393,35018
2026-09-08T20:00:00+00:00,1.35393,1.35439,1.35298,1.35433,8321
2026-09-09T00:00:00+00:00,1.35433,1.35487,1.35413,1.3545,36236
2026-09-09T04:00:00+00:00,1.3545,1.35678,1.35444,1.35591,40635
2026-09-09T08:00:00+00:00,1.35591,1.35663,1.35302,1.35611,49538
2026-09-09T12:00:00+00:00,1.35611,1.35662,1.35344,1.35469,77235
2026-09-09T16:00:00+00:00,1.35469,1.35607,1.35417,1.35458,35808
2026-09-09T20:00:00+00:00,1.35458,1.35525,1.35338,1.35492,12163
2026-09-10T00:00:00+00:00,1.35492,1.35601,1.35446,1.35565,35714
2026-09-10T04:00:00+00:00,1.35565,1.35593,1.35509,1.35537,31632
2026-09-10T08:00:00+00:00,1.35537,1.35576,1.3526,1.35287,47228
2026-09-10T12:00:00+00:00,1.35287,1.35345,1.34912,1.35309,102220
2026-09-10T16:00:00+00:00,1.35309,1.35321,1.35072,1.35096,51272
2026-09-10T20:00:00+00:00,1.35096,1.35141,1.34979,1.351,10646
2026-09-11T00:00:00+00:00,1.351,1.35163,1.34956,1.34997,44883
2026-09-11T04:00:00+00:00,1.34997,1.35265,1.34983,1.35159,54297
2026-09-11T08:00:00+00:00,1.35159,1.35174,1.34979,1.35036,51674
2026-09-11T12:00:00+00:00,1.35036,1.35349,1.34744,1.35205,113987
2026-09-11T16:00:00+00:00,1.35205,1.35283,1.35172,1.35263,41320
2026-09-11T20:00:00+00:00,1.35263,1.35287,1.35152,1.3523,3774
2026-09-13T20:00:00+00:00,1.35168,1.3526799999999999,1.35148,1.35252,23443
2026-09-14T00:00:00+00:00,1.35252,1.35284,1.35031,1.35054,88358
2026-09-14T04:00:00+00:00,1.35054,1.3507,1.34862,1.34921,87966
2026-09-14T08:00:00+00:00,1.34921,1.34962,1.34733,1.34908,83091
2026-09-14T12:00:00+00:00,1.34908,1.34956,1.34639,1.34925,103752
2026-09-14T16:00:00+00:00,1.34925,1.35136,1.34905,1.34999,71524
2026-09-14T20:00:00+00:00,1.34999,1.35047,1.34927,1.35003,37980
2026-09-15T00:00:00+00:00,1.35003,1.3501,1.34833,1.34856,81420
2026-09-15T04:00:00+00:00,1.34856,1.34869,1.3464099999999999,1.34795,67913
2026-09-15T08:00:00+00:00,1.34795,1.34899,1.3468,1.34832,70555
2026-09-15T12:00:00+00:00,1.34832,1.34966,1.34739,1.34773,60943
2026-09-15T16:00:00+00:00,1.34773,1.34825,1.34695,1.3474,34063
2026-09-15T20:00:00+00:00,1.3474,1.34791,1.34646,1.34703,14641
2026-09-16T00:00:00+00:00,1.34703,1.34817,1.3465,1.34795,36060
2026-09-16T04:00:00+00:00,1.34795,1.34984,1.3471,1.34718,40613
2026-09-16T08:00:00+00:00,1.34718,1.34749,1.34547,1.34556,46236
2026-09-16T12:00:00+00:00,1.34556,1.34631,1.3444099999999999,1.3445,55461
2026-09-16T16:00:00+00:00,1.3445,1.34593,1.33721,1.33867,102414
2026-09-16T20:00:00+00:00,1.33867,1.33895,1.3371,1.33815,16430
2026-09-17T00:00:00+00:00,1.33815,1.3387,1.33693,1.3373599999999999,36400
2026-09-17T04:00:00+00:00,1.33736,1.3402,1.33728,1.33885,33465
2026-09-17T08:00:00+00:00,1.33885,1.34064,1.33497,1.33698,56223
2026-09-17T12:00:00+00:00,1.33698,1.33955,1.33361,1.33452,76899
2026-09-17T16:00:00+00:00,1.33452,1.33591,1.33381,1.33576,32794
2026-09-17T20:00:00+00:00,1.33576,1.33605,1.33456,1.33559,10858
2026-09-18T00:00:00+00:00,1.33559,1.33722,1.3355,1.33718,37539
2026-09-18T04:00:00+00:00,1.33718,1.33757,1.33607,1.33672,43819
2026-09-18T08:00:00+00:00,1.33672,1.33728,1.33425,1.33471,46550
2026-09-18T12:00:00+00:00,1.33471,1.33767,1.33355,1.33704,64060
2026-09-18T16:00:00+00:00,1.33704,1.33976,1.33693,1.33939,32328
2026-09-18T20:00:00+00:00,1.33939,1.33981,1.33908,1.33923,4180
2026-09-20T20:00:00+00:00,1.33836,1.33942,1.33789,1.33889,8523
2026-09-21T00:00:00+00:00,1.33889,1.33932,1.33793,1.33824,34643
2026-09-21T04:00:00+00:00,1.33824,1.33838,1.33684,1.33794,34154
2026-09-21T08:00:00+00:00,1.33794,1.33972,1.33794,1.33948,34961
2026-09-21T12:00:00+00:00,1.33948,1.34004,1.33672,1.33703,50156
2026-09-21T16:00:00+00:00,1.33703,1.3375299999999999,1.33651,1.33669,25265
2026-09-21T20:00:00+00:00,1.33669,1.33713,1.33587,1.33683,11244
2026-09-22T00:00:00+00:00,1.33683,1.33839,1.33623,1.33826,36871
2026-09-22T04:00:00+00:00,1.33826,1.33871,1.33544,1.33545,43082
2026-09-22T08:00:00+00:00,1.33545,1.3373599999999999,1.33259,1.33605,81098
2026-09-22T12:00:00+00:00,1.33605,1.33715,1.3323099999999999,1.33243,72775
2026-09-22T16:00:00+00:00,1.33243,1.33495,1.3321399999999999,1.33428,41315
2026-09-22T20:00:00+00:00,1.33428,1.3347,1.33338,1.33435,8732
2026-09-23T00:00:00+00:00,1.33435,1.33445,1.33152,1.33155,32462
2026-09-23T04:00:00+00:00,1.33155,1.33226,1.33008,1.33019,36350
2026-09-23T08:00:00+00:00,1.33019,1.33093,1.32741,1.32798,52328
2026-09-23T12:00:00+00:00,1.32798,1.32889,1.32476,1.32511,82057
2026-09-23T16:00:00+00:00,1.32511,1.32545,1.32235,1.32412,53336
2026-09-23T20:00:00+00:00,1.32412,1.32456,1.32323,1.32376,9949
2026-09-24T00:00:00+00:00,1.32376,1.32447,1.32231,1.32356,44418
2026-09-24T04:00:00+00:00,1.32356,1.3256,1.32315,1.32458,50194
2026-09-24T08:00:00+00:00,1.32458,1.32551,1.32144,1.32225,63882
2026-09-24T12:00:00+00:00,1.32225,1.32338,1.32095,1.32145,70745
2026-09-24T16:00:00+00:00,1.32145,1.32403,1.32042,1.32203,66147
2026-09-24T20:00:00+00:00,1.32203,1.32208,1.3209,1.32093,13747
2026-09-25T00:00:00+00:00,1.32093,1.32236,1.32091,1.32111,35121
2026-09-25T04:00:00+00:00,1.32111,1.32315,1.32103,1.32313,39888
2026-09-25T08:00:00+00:00,1.32313,1.32593,1.32282,1.32505,52462
2026-09-25T12:00:00+00:00,1.32505,1.32635,1.32293,1.32478,72485
2026-09-25T16:00:00+00:00,1.32478,1.32625,1.32385,1.32492,51181
2026-09-25T20:00:00+00:00,1.32492,1.32504,1.32418,1.32432,3409
